accession,hgvs_nt,hgvs_splice,hgvs_pro,input_count_rep1,input_count_rep2,input_count_rep3,output_count_rep1,output_count_rep2,output_count_rep3
urn:mavedb:00000835-a-1#1,NA,NA,p.Thr1Ter,3.0,9.0,10.0,1.0,0.0,0.0
urn:mavedb:00000835-a-1#2,NA,NA,p.Thr1Ala,66.0,84.0,172.0,37.0,89.0,140.0
urn:mavedb:00000835-a-1#3,NA,NA,p.Thr1Cys,13.0,16.0,19.0,5.0,18.0,144.0
urn:mavedb:00000835-a-1#4,NA,NA,p.Thr1Asp,1.0,0.0,4.0,7.0,0.0,3.0
urn:mavedb:00000835-a-1#5,NA,NA,p.Thr1Glu,5.0,3.0,5.0,1.0,0.0,1.0
urn:mavedb:00000835-a-1#6,NA,NA,p.Thr1Phe,0.0,0.0,1.0,0.0,0.0,2.0
urn:mavedb:00000835-a-1#7,NA,NA,p.Thr1Gly,95.0,100.0,148.0,144.0,151.0,214.0
urn:mavedb:00000835-a-1#8,NA,NA,p.Thr1His,NA,NA,NA,NA,NA,NA
urn:mavedb:00000835-a-1#9,NA,NA,p.Thr1Ile,5.0,17.0,4.0,71.0,1.0,17.0
urn:mavedb:00000835-a-1#10,NA,NA,p.Thr1Lys,29.0,39.0,38.0,123.0,471.0,117.0
urn:mavedb:00000835-a-1#11,NA,NA,p.Thr1Leu,16.0,10.0,22.0,3.0,0.0,9.0
urn:mavedb:00000835-a-1#12,NA,NA,p.Thr1Met,81.0,70.0,102.0,507.0,247.0,286.0
urn:mavedb:00000835-a-1#13,NA,NA,p.Thr1Asn,8.0,4.0,16.0,29.0,10.0,17.0
urn:mavedb:00000835-a-1#14,NA,NA,p.Thr1Pro,6.0,27.0,37.0,1.0,3.0,51.0
urn:mavedb:00000835-a-1#15,NA,NA,p.Thr1Gln,9.0,4.0,7.0,0.0,0.0,1.0
urn:mavedb:00000835-a-1#16,NA,NA,p.Thr1Arg,296.0,371.0,610.0,199.0,513.0,711.0
urn:mavedb:00000835-a-1#17,NA,NA,p.Thr1Ser,48.0,52.0,98.0,50.0,66.0,167.0
urn:mavedb:00000835-a-1#18,NA,NA,p.Tyr2Ter,106.0,126.0,190.0,4.0,1.0,4.0
urn:mavedb:00000835-a-1#19,NA,NA,p.Tyr2Ala,788.0,950.0,1344.0,272.0,390.0,607.0
urn:mavedb:00000835-a-1#20,NA,NA,p.Tyr2Cys,175.0,204.0,312.0,269.0,275.0,465.0
urn:mavedb:00000835-a-1#21,NA,NA,p.Tyr2Asp,415.0,426.0,663.0,449.0,242.0,611.0
urn:mavedb:00000835-a-1#22,NA,NA,p.Tyr2Glu,849.0,975.0,1471.0,1421.0,1196.0,2671.0
urn:mavedb:00000835-a-1#23,NA,NA,p.Tyr2Phe,129.0,124.0,238.0,247.0,796.0,1106.0
urn:mavedb:00000835-a-1#24,NA,NA,p.Tyr2Gly,219.0,269.0,434.0,218.0,143.0,75.0
urn:mavedb:00000835-a-1#25,NA,NA,p.Tyr2His,55.0,58.0,90.0,291.0,3.0,92.0
urn:mavedb:00000835-a-1#26,NA,NA,p.Tyr2Ile,51.0,62.0,78.0,525.0,335.0,810.0
urn:mavedb:00000835-a-1#27,NA,NA,p.Tyr2Lys,542.0,625.0,1008.0,1091.0,1630.0,1576.0
urn:mavedb:00000835-a-1#28,NA,NA,p.Tyr2Leu,151.0,181.0,302.0,161.0,205.0,780.0
urn:mavedb:00000835-a-1#29,NA,NA,p.Tyr2Met,947.0,1277.0,1801.0,3617.0,3895.0,5012.0
urn:mavedb:00000835-a-1#30,NA,NA,p.Tyr2Asn,167.0,143.0,304.0,340.0,286.0,532.0
urn:mavedb:00000835-a-1#31,NA,NA,p.Tyr2Pro,68.0,111.0,153.0,17.0,13.0,85.0
urn:mavedb:00000835-a-1#32,NA,NA,p.Tyr2Gln,63.0,68.0,97.0,105.0,145.0,23.0
urn:mavedb:00000835-a-1#33,NA,NA,p.Tyr2Arg,316.0,353.0,485.0,466.0,465.0,518.0
urn:mavedb:00000835-a-1#34,NA,NA,p.Tyr2Ser,136.0,154.0,243.0,395.0,194.0,119.0
urn:mavedb:00000835-a-1#35,NA,NA,p.Tyr2Thr,201.0,225.0,334.0,756.0,236.0,1402.0
urn:mavedb:00000835-a-1#36,NA,NA,p.Tyr2Val,456.0,554.0,786.0,634.0,659.0,954.0
urn:mavedb:00000835-a-1#37,NA,NA,p.Tyr2Trp,136.0,158.0,252.0,197.0,162.0,365.0
urn:mavedb:00000835-a-1#38,NA,NA,p.Val3Ter,124.0,155.0,248.0,2.0,4.0,8.0
urn:mavedb:00000835-a-1#39,NA,NA,p.Val3Ala,219.0,204.0,387.0,73.0,54.0,247.0
urn:mavedb:00000835-a-1#40,NA,NA,p.Val3Cys,80.0,136.0,172.0,357.0,933.0,418.0
urn:mavedb:00000835-a-1#41,NA,NA,p.Val3Asp,53.0,52.0,126.0,4.0,2.0,2.0
urn:mavedb:00000835-a-1#42,NA,NA,p.Val3Glu,379.0,422.0,700.0,35.0,9.0,20.0
urn:mavedb:00000835-a-1#43,NA,NA,p.Val3Phe,111.0,134.0,245.0,1221.0,631.0,975.0
urn:mavedb:00000835-a-1#44,NA,NA,p.Val3Gly,205.0,259.0,490.0,34.0,123.0,48.0
urn:mavedb:00000835-a-1#45,NA,NA,p.Val3His,95.0,123.0,220.0,167.0,139.0,235.0
urn:mavedb:00000835-a-1#46,NA,NA,p.Val3Ile,56.0,79.0,149.0,27.0,6.0,15.0
urn:mavedb:00000835-a-1#47,NA,NA,p.Val3Lys,230.0,298.0,440.0,13.0,22.0,49.0
urn:mavedb:00000835-a-1#48,NA,NA,p.Val3Leu,253.0,260.0,423.0,118.0,35.0,109.0
urn:mavedb:00000835-a-1#49,NA,NA,p.Val3Met,152.0,213.0,258.0,260.0,273.0,435.0
urn:mavedb:00000835-a-1#50,NA,NA,p.Val3Asn,58.0,61.0,93.0,3.0,4.0,46.0
urn:mavedb:00000835-a-1#51,NA,NA,p.Val3Pro,113.0,132.0,204.0,1.0,18.0,1.0
urn:mavedb:00000835-a-1#52,NA,NA,p.Val3Gln,206.0,304.0,458.0,43.0,68.0,84.0
urn:mavedb:00000835-a-1#53,NA,NA,p.Val3Arg,501.0,588.0,964.0,28.0,94.0,17.0
urn:mavedb:00000835-a-1#54,NA,NA,p.Val3Ser,356.0,423.0,602.0,346.0,204.0,202.0
urn:mavedb:00000835-a-1#55,NA,NA,p.Val3Thr,483.0,543.0,789.0,319.0,327.0,602.0
urn:mavedb:00000835-a-1#56,NA,NA,p.Gln4Ter,98.0,116.0,154.0,4.0,3.0,1.0
urn:mavedb:00000835-a-1#57,NA,NA,p.Gln4Ala,948.0,1063.0,1650.0,361.0,294.0,202.0
urn:mavedb:00000835-a-1#58,NA,NA,p.Gln4Cys,41.0,28.0,66.0,9.0,49.0,25.0
urn:mavedb:00000835-a-1#59,NA,NA,p.Gln4Asp,33.0,56.0,112.0,1.0,2.0,2.0
urn:mavedb:00000835-a-1#60,NA,NA,p.Gln4Glu,397.0,510.0,732.0,1047.0,1190.0,2316.0
urn:mavedb:00000835-a-1#61,NA,NA,p.Gln4Phe,19.0,34.0,51.0,54.0,17.0,31.0
urn:mavedb:00000835-a-1#62,NA,NA,p.Gln4Gly,666.0,775.0,1254.0,29.0,44.0,36.0
urn:mavedb:00000835-a-1#63,NA,NA,p.Gln4His,33.0,35.0,55.0,5.0,9.0,46.0
urn:mavedb:00000835-a-1#64,NA,NA,p.Gln4Ile,29.0,35.0,51.0,49.0,25.0,192.0
urn:mavedb:00000835-a-1#65,NA,NA,p.Gln4Lys,57.0,55.0,114.0,92.0,158.0,445.0
urn:mavedb:00000835-a-1#66,NA,NA,p.Gln4Leu,614.0,696.0,1120.0,1263.0,1063.0,1888.0
urn:mavedb:00000835-a-1#67,NA,NA,p.Gln4Met,85.0,111.0,112.0,70.0,264.0,132.0
urn:mavedb:00000835-a-1#68,NA,NA,p.Gln4Asn,84.0,105.0,120.0,282.0,89.0,17.0
urn:mavedb:00000835-a-1#69,NA,NA,p.Gln4Pro,190.0,256.0,381.0,7.0,7.0,6.0
urn:mavedb:00000835-a-1#70,NA,NA,p.Ala5Ter,71.0,56.0,148.0,5.0,5.0,3.0
urn:mavedb:00000835-a-1#71,NA,NA,p.Leu6Ter,111.0,97.0,194.0,17.0,8.0,6.0
urn:mavedb:00000835-a-1#72,NA,NA,p.Leu6Ala,145.0,202.0,263.0,602.0,371.0,524.0
urn:mavedb:00000835-a-1#73,NA,NA,p.Leu6Cys,59.0,82.0,73.0,215.0,153.0,143.0
urn:mavedb:00000835-a-1#74,NA,NA,p.Leu6Asp,205.0,206.0,324.0,269.0,519.0,655.0
urn:mavedb:00000835-a-1#75,NA,NA,p.Leu6Glu,147.0,188.0,257.0,596.0,520.0,359.0
urn:mavedb:00000835-a-1#76,NA,NA,p.Leu6Phe,22.0,21.0,49.0,3.0,13.0,2.0
urn:mavedb:00000835-a-1#77,NA,NA,p.Leu6Gly,1149.0,1243.0,2115.0,740.0,785.0,646.0
urn:mavedb:00000835-a-1#78,NA,NA,p.Leu6His,42.0,46.0,51.0,58.0,37.0,8.0
urn:mavedb:00000835-a-1#79,NA,NA,p.Leu6Ile,61.0,67.0,136.0,504.0,267.0,218.0
urn:mavedb:00000835-a-1#80,NA,NA,p.Leu6Lys,52.0,75.0,79.0,282.0,462.0,235.0
urn:mavedb:00000835-a-1#81,NA,NA,p.Phe7Ter,112.0,155.0,173.0,1.0,3.0,4.0
urn:mavedb:00000835-a-1#82,NA,NA,p.Phe7Ala,149.0,177.0,268.0,677.0,442.0,388.0
urn:mavedb:00000835-a-1#83,NA,NA,p.Phe7Cys,117.0,144.0,261.0,567.0,375.0,795.0
urn:mavedb:00000835-a-1#84,NA,NA,p.Phe7Asp,19.0,43.0,58.0,69.0,106.0,56.0
urn:mavedb:00000835-a-1#85,NA,NA,p.Phe7Glu,107.0,120.0,220.0,364.0,432.0,1236.0
urn:mavedb:00000835-a-1#86,NA,NA,p.Asp8Ter,142.0,157.0,234.0,49.0,5.0,15.0
urn:mavedb:00000835-a-1#87,NA,NA,p.Asp8Ala,163.0,158.0,274.0,79.0,55.0,20.0
urn:mavedb:00000835-a-1#88,NA,NA,p.Asp8Cys,138.0,177.0,298.0,47.0,18.0,134.0
urn:mavedb:00000835-a-1#89,NA,NA,p.Phe9Ter,61.0,80.0,115.0,5.0,3.0,0.0
urn:mavedb:00000835-a-1#90,NA,NA,p.Phe9Ala,675.0,787.0,1189.0,729.0,618.0,972.0
urn:mavedb:00000835-a-1#91,NA,NA,p.Phe9Cys,32.0,26.0,36.0,34.0,23.0,19.0
urn:mavedb:00000835-a-1#92,NA,NA,p.Phe9Asp,214.0,292.0,374.0,10.0,6.0,9.0
urn:mavedb:00000835-a-1#93,NA,NA,p.Phe9Glu,276.0,298.0,467.0,49.0,19.0,75.0
urn:mavedb:00000835-a-1#94,NA,NA,p.Asp10Ter,43.0,38.0,52.0,0.0,3.0,0.0
urn:mavedb:00000835-a-1#95,NA,NA,p.Asp10Ala,78.0,130.0,185.0,145.0,371.0,373.0
urn:mavedb:00000835-a-1#96,NA,NA,p.Asp10Cys,121.0,164.0,198.0,441.0,180.0,228.0
urn:mavedb:00000835-a-1#97,NA,NA,p.Pro11Ter,41.0,62.0,67.0,0.0,4.0,1.0
urn:mavedb:00000835-a-1#98,NA,NA,p.Pro11Ala,55.0,93.0,113.0,223.0,314.0,196.0
urn:mavedb:00000835-a-1#99,NA,NA,p.Pro11Cys,57.0,27.0,87.0,37.0,29.0,43.0
urn:mavedb:00000835-a-1#100,NA,NA,p.Pro11Asp,8.0,16.0,24.0,7.0,1.0,0.0
urn:mavedb:00000835-a-1#101,NA,NA,p.Pro11Glu,17.0,22.0,48.0,8.0,3.0,53.0
urn:mavedb:00000835-a-1#102,NA,NA,p.Pro11Phe,138.0,164.0,291.0,5.0,4.0,19.0
urn:mavedb:00000835-a-1#103,NA,NA,p.Pro11Gly,55.0,72.0,130.0,168.0,262.0,437.0
urn:mavedb:00000835-a-1#104,NA,NA,p.Pro11His,24.0,17.0,35.0,0.0,46.0,15.0
urn:mavedb:00000835-a-1#105,NA,NA,p.Pro11Ile,435.0,517.0,813.0,184.0,228.0,302.0
urn:mavedb:00000835-a-1#106,NA,NA,p.Pro11Lys,115.0,129.0,210.0,363.0,246.0,407.0
urn:mavedb:00000835-a-1#107,NA,NA,p.Pro11Leu,91.0,87.0,148.0,10.0,4.0,2.0
urn:mavedb:00000835-a-1#108,NA,NA,p.Pro11Met,28.0,35.0,38.0,8.0,7.0,3.0
urn:mavedb:00000835-a-1#109,NA,NA,p.Pro11Asn,17.0,11.0,27.0,11.0,1.0,15.0
urn:mavedb:00000835-a-1#110,NA,NA,p.Gln12Ter,61.0,92.0,124.0,1.0,2.0,0.0
urn:mavedb:00000835-a-1#111,NA,NA,p.Gln12Ala,139.0,163.0,241.0,264.0,555.0,593.0
urn:mavedb:00000835-a-1#112,NA,NA,p.Gln12Cys,27.0,28.0,78.0,10.0,116.0,375.0
urn:mavedb:00000835-a-1#113,NA,NA,p.Gln12Asp,12.0,17.0,36.0,5.0,338.0,44.0
urn:mavedb:00000835-a-1#114,NA,NA,p.Gln12Glu,46.0,51.0,116.0,215.0,212.0,119.0
urn:mavedb:00000835-a-1#115,NA,NA,p.Gln12Phe,14.0,19.0,51.0,16.0,41.0,88.0
urn:mavedb:00000835-a-1#116,NA,NA,p.Gln12Gly,145.0,150.0,254.0,172.0,88.0,181.0
urn:mavedb:00000835-a-1#117,NA,NA,p.Gln12His,21.0,15.0,45.0,78.0,24.0,47.0
urn:mavedb:00000835-a-1#118,NA,NA,p.Gln12Ile,21.0,25.0,25.0,82.0,12.0,39.0
urn:mavedb:00000835-a-1#119,NA,NA,p.Gln12Lys,21.0,30.0,48.0,23.0,11.0,127.0
urn:mavedb:00000835-a-1#120,NA,NA,p.Gln12Leu,743.0,822.0,1383.0,1845.0,1057.0,2306.0
urn:mavedb:00000835-a-1#121,NA,NA,p.Gln12Met,21.0,27.0,66.0,71.0,99.0,249.0
urn:mavedb:00000835-a-1#122,NA,NA,p.Gln12Asn,426.0,464.0,701.0,954.0,1183.0,1954.0
urn:mavedb:00000835-a-1#123,NA,NA,p.Gln12Pro,27.0,31.0,52.0,22.0,20.0,50.0
urn:mavedb:00000835-a-1#124,NA,NA,p.Glu13Ter,596.0,627.0,902.0,91.0,36.0,29.0
urn:mavedb:00000835-a-1#125,NA,NA,p.Glu13Ala,116.0,140.0,200.0,404.0,331.0,370.0
urn:mavedb:00000835-a-1#126,NA,NA,p.Glu13Cys,71.0,64.0,138.0,68.0,6.0,99.0
urn:mavedb:00000835-a-1#127,NA,NA,p.Glu13Asp,31.0,32.0,30.0,103.0,62.0,35.0
urn:mavedb:00000835-a-1#128,NA,NA,p.Asp14Ter,680.0,872.0,1264.0,83.0,17.0,26.0
urn:mavedb:00000835-a-1#129,NA,NA,p.Asp14Ala,530.0,715.0,1005.0,2376.0,1414.0,1975.0
urn:mavedb:00000835-a-1#130,NA,NA,p.Asp14Cys,20.0,49.0,57.0,56.0,46.0,231.0
urn:mavedb:00000835-a-1#131,NA,NA,p.Gly15Ter,28.0,39.0,66.0,0.0,0.0,1.0
urn:mavedb:00000835-a-1#132,NA,NA,p.Gly15Ala,438.0,512.0,784.0,899.0,837.0,839.0
urn:mavedb:00000835-a-1#133,NA,NA,p.Gly15Cys,80.0,114.0,207.0,416.0,53.0,416.0
urn:mavedb:00000835-a-1#134,NA,NA,p.Gly15Asp,58.0,96.0,124.0,202.0,98.0,47.0
urn:mavedb:00000835-a-1#135,NA,NA,p.Gly15Glu,343.0,322.0,538.0,654.0,657.0,701.0
urn:mavedb:00000835-a-1#136,NA,NA,p.Gly15Phe,565.0,687.0,989.0,1892.0,1156.0,1465.0
urn:mavedb:00000835-a-1#137,NA,NA,p.Glu16Ter,266.0,377.0,476.0,7.0,5.0,12.0
urn:mavedb:00000835-a-1#138,NA,NA,p.Glu16Ala,155.0,182.0,270.0,171.0,267.0,581.0
urn:mavedb:00000835-a-1#139,NA,NA,p.Glu16Cys,62.0,73.0,81.0,177.0,235.0,316.0
urn:mavedb:00000835-a-1#140,NA,NA,p.Glu16Asp,284.0,302.0,533.0,825.0,775.0,716.0
urn:mavedb:00000835-a-1#141,NA,NA,p.Leu17Ter,100.0,124.0,154.0,1.0,6.0,3.0
urn:mavedb:00000835-a-1#142,NA,NA,p.Leu17Ala,455.0,591.0,782.0,88.0,16.0,9.0
urn:mavedb:00000835-a-1#143,NA,NA,p.Leu17Cys,147.0,131.0,223.0,10.0,28.0,8.0
urn:mavedb:00000835-a-1#144,NA,NA,p.Leu17Asp,308.0,349.0,489.0,11.0,2.0,9.0
urn:mavedb:00000835-a-1#145,NA,NA,p.Leu17Glu,154.0,151.0,315.0,9.0,4.0,6.0
urn:mavedb:00000835-a-1#146,NA,NA,p.Leu17Phe,338.0,307.0,484.0,398.0,343.0,433.0
urn:mavedb:00000835-a-1#147,NA,NA,p.Leu17Gly,795.0,783.0,1401.0,22.0,25.0,82.0
urn:mavedb:00000835-a-1#148,NA,NA,p.Leu17His,81.0,74.0,108.0,2.0,1.0,3.0
urn:mavedb:00000835-a-1#149,NA,NA,p.Leu17Ile,86.0,85.0,142.0,78.0,357.0,188.0
urn:mavedb:00000835-a-1#150,NA,NA,p.Leu17Lys,60.0,78.0,104.0,1.0,1.0,2.0
urn:mavedb:00000835-a-1#151,NA,NA,p.Gly18Ter,147.0,235.0,355.0,8.0,6.0,7.0
urn:mavedb:00000835-a-1#152,NA,NA,p.Gly18Ala,293.0,318.0,510.0,1147.0,737.0,1078.0
urn:mavedb:00000835-a-1#153,NA,NA,p.Gly18Cys,49.0,73.0,75.0,32.0,110.0,208.0
urn:mavedb:00000835-a-1#154,NA,NA,p.Gly18Asp,76.0,89.0,123.0,175.0,167.0,302.0
urn:mavedb:00000835-a-1#155,NA,NA,p.Gly18Glu,691.0,741.0,1062.0,3018.0,2160.0,3049.0
urn:mavedb:00000835-a-1#156,NA,NA,p.Gly18Phe,25.0,38.0,46.0,31.0,8.0,9.0
urn:mavedb:00000835-a-1#157,NA,NA,p.Phe19Ter,110.0,129.0,229.0,3.0,1.0,7.0
urn:mavedb:00000835-a-1#158,NA,NA,p.Phe19Ala,1372.0,1496.0,2294.0,550.0,390.0,393.0
urn:mavedb:00000835-a-1#159,NA,NA,p.Phe19Cys,55.0,92.0,143.0,6.0,4.0,13.0
urn:mavedb:00000835-a-1#160,NA,NA,p.Phe19Asp,104.0,132.0,202.0,1.0,3.0,4.0
urn:mavedb:00000835-a-1#161,NA,NA,p.Phe19Glu,56.0,64.0,100.0,0.0,0.0,4.0
urn:mavedb:00000835-a-1#162,NA,NA,p.Arg20Ter,41.0,62.0,79.0,0.0,1.0,6.0
urn:mavedb:00000835-a-1#163,NA,NA,p.Arg20Ala,578.0,628.0,913.0,1453.0,1477.0,2313.0
urn:mavedb:00000835-a-1#164,NA,NA,p.Arg20Cys,108.0,73.0,119.0,90.0,437.0,222.0
urn:mavedb:00000835-a-1#165,NA,NA,p.Arg20Asp,58.0,65.0,92.0,36.0,21.0,21.0
urn:mavedb:00000835-a-1#166,NA,NA,p.Arg20Glu,123.0,128.0,183.0,142.0,474.0,452.0
urn:mavedb:00000835-a-1#167,NA,NA,p.Arg20Phe,65.0,84.0,111.0,83.0,153.0,76.0
urn:mavedb:00000835-a-1#168,NA,NA,p.Arg20Gly,258.0,276.0,498.0,251.0,258.0,830.0
urn:mavedb:00000835-a-1#169,NA,NA,p.Arg20His,30.0,63.0,76.0,287.0,235.0,133.0
urn:mavedb:00000835-a-1#170,NA,NA,p.Arg20Ile,181.0,286.0,421.0,232.0,265.0,631.0
urn:mavedb:00000835-a-1#171,NA,NA,p.Arg20Lys,70.0,89.0,137.0,86.0,189.0,587.0
urn:mavedb:00000835-a-1#172,NA,NA,p.Arg20Leu,226.0,295.0,402.0,1113.0,306.0,694.0
urn:mavedb:00000835-a-1#173,NA,NA,p.Arg20Met,43.0,64.0,109.0,135.0,90.0,198.0
urn:mavedb:00000835-a-1#174,NA,NA,p.Arg20Asn,558.0,661.0,973.0,1698.0,1260.0,2263.0
urn:mavedb:00000835-a-1#175,NA,NA,p.Arg20Pro,1021.0,1113.0,1816.0,36.0,29.0,69.0
urn:mavedb:00000835-a-1#176,NA,NA,p.Arg20Gln,50.0,41.0,75.0,554.0,77.0,143.0
urn:mavedb:00000835-a-1#177,NA,NA,p.Arg21Ter,297.0,434.0,526.0,10.0,11.0,11.0
urn:mavedb:00000835-a-1#178,NA,NA,p.Arg21Ala,232.0,218.0,455.0,420.0,538.0,1826.0
urn:mavedb:00000835-a-1#179,NA,NA,p.Arg21Cys,87.0,119.0,169.0,346.0,262.0,396.0
urn:mavedb:00000835-a-1#180,NA,NA,p.Arg21Asp,264.0,284.0,497.0,59.0,101.0,172.0
urn:mavedb:00000835-a-1#181,NA,NA,p.Arg21Glu,61.0,65.0,138.0,216.0,223.0,742.0
urn:mavedb:00000835-a-1#182,NA,NA,p.Arg21Phe,146.0,120.0,267.0,71.0,238.0,292.0
urn:mavedb:00000835-a-1#183,NA,NA,p.Arg21Gly,534.0,595.0,916.0,729.0,831.0,752.0
urn:mavedb:00000835-a-1#184,NA,NA,p.Arg21His,191.0,215.0,359.0,885.0,511.0,1432.0
urn:mavedb:00000835-a-1#185,NA,NA,p.Arg21Ile,294.0,354.0,602.0,761.0,861.0,578.0
urn:mavedb:00000835-a-1#186,NA,NA,p.Arg21Lys,78.0,80.0,137.0,303.0,484.0,1158.0
urn:mavedb:00000835-a-1#187,NA,NA,p.Arg21Leu,859.0,943.0,1401.0,901.0,961.0,1386.0
urn:mavedb:00000835-a-1#188,NA,NA,p.Arg21Met,63.0,98.0,125.0,132.0,229.0,231.0
urn:mavedb:00000835-a-1#189,NA,NA,p.Arg21Asn,43.0,44.0,102.0,44.0,183.0,226.0
urn:mavedb:00000835-a-1#190,NA,NA,p.Arg21Pro,248.0,274.0,393.0,6.0,7.0,31.0
urn:mavedb:00000835-a-1#191,NA,NA,p.Arg21Gln,154.0,187.0,223.0,579.0,721.0,804.0
urn:mavedb:00000835-a-1#192,NA,NA,p.Gly22Ter,222.0,339.0,357.0,5.0,12.0,1.0
urn:mavedb:00000835-a-1#193,NA,NA,p.Gly22Ala,484.0,552.0,810.0,176.0,178.0,527.0
urn:mavedb:00000835-a-1#194,NA,NA,p.Gly22Cys,82.0,86.0,117.0,9.0,4.0,22.0
urn:mavedb:00000835-a-1#195,NA,NA,p.Gly22Asp,72.0,88.0,132.0,9.0,38.0,124.0
urn:mavedb:00000835-a-1#196,NA,NA,p.Gly22Glu,228.0,292.0,441.0,60.0,52.0,245.0
urn:mavedb:00000835-a-1#197,NA,NA,p.Gly22Phe,107.0,136.0,170.0,107.0,38.0,49.0
urn:mavedb:00000835-a-1#198,NA,NA,p.Asp23Ter,73.0,88.0,136.0,3.0,3.0,3.0
urn:mavedb:00000835-a-1#199,NA,NA,p.Asp23Ala,204.0,242.0,377.0,66.0,131.0,153.0
urn:mavedb:00000835-a-1#200,NA,NA,p.Asp23Cys,383.0,507.0,729.0,117.0,172.0,66.0
urn:mavedb:00000835-a-1#201,NA,NA,p.Phe24Ter,595.0,660.0,994.0,14.0,13.0,18.0
urn:mavedb:00000835-a-1#202,NA,NA,p.Phe24Ala,293.0,310.0,514.0,233.0,269.0,513.0
urn:mavedb:00000835-a-1#203,NA,NA,p.Phe24Cys,79.0,91.0,115.0,52.0,148.0,279.0
urn:mavedb:00000835-a-1#204,NA,NA,p.Phe24Asp,87.0,88.0,82.0,14.0,24.0,36.0
urn:mavedb:00000835-a-1#205,NA,NA,p.Phe24Glu,590.0,662.0,1107.0,1956.0,2462.0,2908.0
urn:mavedb:00000835-a-1#206,NA,NA,p.Ile25Ter,98.0,96.0,120.0,2.0,1.0,1.0
urn:mavedb:00000835-a-1#207,NA,NA,p.Ile25Ala,558.0,549.0,909.0,6.0,14.0,10.0
urn:mavedb:00000835-a-1#208,NA,NA,p.Ile25Cys,118.0,130.0,209.0,6.0,2.0,7.0
urn:mavedb:00000835-a-1#209,NA,NA,p.Ile25Asp,69.0,80.0,75.0,2.0,8.0,2.0
urn:mavedb:00000835-a-1#210,NA,NA,p.Ile25Glu,86.0,123.0,170.0,3.0,3.0,2.0
urn:mavedb:00000835-a-1#211,NA,NA,p.Ile25Phe,93.0,97.0,176.0,7.0,4.0,3.0
urn:mavedb:00000835-a-1#212,NA,NA,p.Ile25Gly,887.0,962.0,1503.0,32.0,36.0,22.0
urn:mavedb:00000835-a-1#213,NA,NA,p.Ile25His,55.0,86.0,98.0,0.0,2.0,3.0
urn:mavedb:00000835-a-1#214,NA,NA,p.His26Ter,247.0,215.0,382.0,8.0,10.0,3.0
urn:mavedb:00000835-a-1#215,NA,NA,p.His26Ala,509.0,622.0,1018.0,1622.0,1857.0,2057.0
urn:mavedb:00000835-a-1#216,NA,NA,p.His26Cys,468.0,603.0,842.0,1537.0,1923.0,1996.0
urn:mavedb:00000835-a-1#217,NA,NA,p.His26Asp,118.0,130.0,220.0,312.0,324.0,462.0
urn:mavedb:00000835-a-1#218,NA,NA,p.His26Glu,127.0,162.0,157.0,1033.0,493.0,377.0
urn:mavedb:00000835-a-1#219,NA,NA,p.His26Phe,94.0,97.0,156.0,477.0,378.0,168.0
urn:mavedb:00000835-a-1#220,NA,NA,p.His26Gly,560.0,636.0,886.0,1128.0,1960.0,1340.0
urn:mavedb:00000835-a-1#221,NA,NA,p.Val27Ter,91.0,70.0,141.0,3.0,21.0,3.0
urn:mavedb:00000835-a-1#222,NA,NA,p.Val27Ala,121.0,148.0,231.0,7.0,10.0,12.0
urn:mavedb:00000835-a-1#223,NA,NA,p.Val27Cys,98.0,126.0,212.0,72.0,80.0,43.0
urn:mavedb:00000835-a-1#224,NA,NA,p.Val27Asp,44.0,67.0,102.0,2.0,4.0,6.0
urn:mavedb:00000835-a-1#225,NA,NA,p.Val27Glu,171.0,200.0,278.0,6.0,3.0,9.0
urn:mavedb:00000835-a-1#226,NA,NA,p.Val27Phe,108.0,110.0,179.0,5.0,5.0,9.0
urn:mavedb:00000835-a-1#227,NA,NA,p.Val27Gly,383.0,450.0,712.0,12.0,14.0,14.0
urn:mavedb:00000835-a-1#228,NA,NA,p.Val27His,37.0,56.0,90.0,0.0,3.0,0.0
urn:mavedb:00000835-a-1#229,NA,NA,p.Val27Ile,901.0,1022.0,1655.0,2667.0,1727.0,3332.0
urn:mavedb:00000835-a-1#230,NA,NA,p.Val27Lys,195.0,205.0,315.0,2.0,11.0,6.0
urn:mavedb:00000835-a-1#231,NA,NA,p.Val27Leu,349.0,390.0,624.0,1144.0,903.0,1260.0
urn:mavedb:00000835-a-1#232,NA,NA,p.Val27Met,47.0,58.0,133.0,11.0,14.0,39.0
urn:mavedb:00000835-a-1#233,NA,NA,p.Val27Asn,165.0,183.0,247.0,2.0,5.0,1.0
urn:mavedb:00000835-a-1#234,NA,NA,p.Val27Pro,217.0,269.0,430.0,13.0,11.0,7.0
urn:mavedb:00000835-a-1#235,NA,NA,p.Val27Gln,65.0,99.0,139.0,9.0,4.0,3.0
urn:mavedb:00000835-a-1#236,NA,NA,p.Val27Arg,442.0,502.0,849.0,8.0,6.0,17.0
urn:mavedb:00000835-a-1#237,NA,NA,p.Val27Ser,457.0,526.0,849.0,18.0,8.0,14.0
urn:mavedb:00000835-a-1#238,NA,NA,p.Val27Thr,85.0,123.0,140.0,4.0,3.0,4.0
urn:mavedb:00000835-a-1#239,NA,NA,p.Met28Ter,277.0,281.0,395.0,10.0,6.0,18.0
urn:mavedb:00000835-a-1#240,NA,NA,p.Met28Ala,905.0,1069.0,1581.0,1260.0,1750.0,2366.0
urn:mavedb:00000835-a-1#241,NA,NA,p.Met28Cys,65.0,46.0,94.0,53.0,104.0,167.0
urn:mavedb:00000835-a-1#242,NA,NA,p.Met28Asp,69.0,88.0,161.0,105.0,281.0,132.0
urn:mavedb:00000835-a-1#243,NA,NA,p.Met28Glu,560.0,610.0,944.0,1959.0,1137.0,1271.0
urn:mavedb:00000835-a-1#244,NA,NA,p.Met28Phe,128.0,105.0,177.0,178.0,165.0,315.0
urn:mavedb:00000835-a-1#245,NA,NA,p.Met28Gly,776.0,792.0,1190.0,122.0,178.0,126.0
urn:mavedb:00000835-a-1#246,NA,NA,p.Met28His,411.0,392.0,691.0,1113.0,1234.0,1446.0
urn:mavedb:00000835-a-1#247,NA,NA,p.Met28Ile,239.0,255.0,332.0,639.0,676.0,1057.0
urn:mavedb:00000835-a-1#248,NA,NA,p.Met28Lys,335.0,383.0,606.0,180.0,79.0,161.0
urn:mavedb:00000835-a-1#249,NA,NA,p.Met28Leu,681.0,800.0,1271.0,3169.0,2974.0,3974.0
urn:mavedb:00000835-a-1#250,NA,NA,p.Asp29Ter,24.0,47.0,72.0,2.0,3.0,0.0
urn:mavedb:00000835-a-1#251,NA,NA,p.Asp29Ala,1043.0,1103.0,1799.0,905.0,656.0,1117.0
urn:mavedb:00000835-a-1#252,NA,NA,p.Asp29Cys,61.0,56.0,109.0,66.0,90.0,97.0
urn:mavedb:00000835-a-1#253,NA,NA,p.Asn30Ter,573.0,643.0,921.0,30.0,13.0,18.0
urn:mavedb:00000835-a-1#254,NA,NA,p.Asn30Ala,314.0,344.0,558.0,1016.0,1228.0,1445.0
urn:mavedb:00000835-a-1#255,NA,NA,p.Asn30Cys,83.0,74.0,99.0,317.0,458.0,156.0
urn:mavedb:00000835-a-1#256,NA,NA,p.Asn30Asp,545.0,605.0,995.0,2502.0,1909.0,2526.0
urn:mavedb:00000835-a-1#257,NA,NA,p.Asn30Glu,227.0,265.0,344.0,785.0,722.0,627.0
urn:mavedb:00000835-a-1#258,NA,NA,p.Asn30Phe,138.0,135.0,252.0,219.0,142.0,523.0
urn:mavedb:00000835-a-1#259,NA,NA,p.Asn30Gly,427.0,422.0,634.0,1181.0,775.0,1145.0
urn:mavedb:00000835-a-1#260,NA,NA,p.Asn30His,30.0,16.0,49.0,50.0,48.0,64.0
urn:mavedb:00000835-a-1#261,NA,NA,p.Asn30Ile,81.0,57.0,132.0,68.0,17.0,159.0
urn:mavedb:00000835-a-1#262,NA,NA,p.Asn30Lys,129.0,133.0,196.0,509.0,413.0,497.0
urn:mavedb:00000835-a-1#263,NA,NA,p.Asn30Leu,254.0,267.0,431.0,314.0,395.0,524.0
urn:mavedb:00000835-a-1#264,NA,NA,p.Asn30Met,212.0,223.0,334.0,567.0,637.0,881.0
urn:mavedb:00000835-a-1#265,NA,NA,p.Ser31Ter,18.0,51.0,80.0,0.0,0.0,0.0
urn:mavedb:00000835-a-1#266,NA,NA,p.Ser31Ala,215.0,291.0,399.0,945.0,674.0,963.0
urn:mavedb:00000835-a-1#267,NA,NA,p.Ser31Cys,262.0,240.0,348.0,362.0,342.0,392.0
urn:mavedb:00000835-a-1#268,NA,NA,p.Ser31Asp,45.0,45.0,103.0,198.0,130.0,233.0
urn:mavedb:00000835-a-1#269,NA,NA,p.Ser31Glu,67.0,56.0,72.0,152.0,76.0,127.0
urn:mavedb:00000835-a-1#270,NA,NA,p.Ser31Phe,106.0,105.0,194.0,60.0,6.0,35.0
urn:mavedb:00000835-a-1#271,NA,NA,p.Ser31Gly,355.0,423.0,699.0,643.0,686.0,1291.0
urn:mavedb:00000835-a-1#272,NA,NA,p.Ser31His,21.0,33.0,65.0,16.0,192.0,243.0
urn:mavedb:00000835-a-1#273,NA,NA,p.Ser31Ile,28.0,40.0,50.0,2.0,5.0,21.0
urn:mavedb:00000835-a-1#274,NA,NA,p.Ser31Lys,33.0,35.0,52.0,40.0,116.0,37.0
urn:mavedb:00000835-a-1#275,NA,NA,p.Ser31Leu,313.0,341.0,576.0,265.0,407.0,549.0
urn:mavedb:00000835-a-1#276,NA,NA,p.Ser31Met,319.0,302.0,448.0,449.0,439.0,373.0
urn:mavedb:00000835-a-1#277,NA,NA,p.Ser31Asn,115.0,117.0,148.0,225.0,205.0,238.0
urn:mavedb:00000835-a-1#278,NA,NA,p.Ser31Pro,420.0,530.0,689.0,39.0,94.0,18.0
urn:mavedb:00000835-a-1#279,NA,NA,p.Ser31Gln,141.0,147.0,240.0,222.0,190.0,494.0
urn:mavedb:00000835-a-1#280,NA,NA,p.Ser31Arg,126.0,148.0,220.0,353.0,167.0,239.0
urn:mavedb:00000835-a-1#281,NA,NA,p.Asp32Ter,66.0,70.0,125.0,0.0,2.0,3.0
urn:mavedb:00000835-a-1#282,NA,NA,p.Asp32Ala,274.0,322.0,477.0,451.0,405.0,286.0
urn:mavedb:00000835-a-1#283,NA,NA,p.Asp32Cys,386.0,478.0,742.0,235.0,709.0,909.0
urn:mavedb:00000835-a-1#284,NA,NA,p.Pro33Ter,27.0,33.0,55.0,0.0,1.0,0.0
urn:mavedb:00000835-a-1#285,NA,NA,p.Pro33Ala,142.0,164.0,311.0,290.0,561.0,498.0
urn:mavedb:00000835-a-1#286,NA,NA,p.Pro33Cys,35.0,42.0,55.0,103.0,23.0,176.0
urn:mavedb:00000835-a-1#287,NA,NA,p.Pro33Asp,22.0,29.0,57.0,52.0,20.0,284.0
urn:mavedb:00000835-a-1#288,NA,NA,p.Pro33Glu,59.0,66.0,70.0,66.0,163.0,734.0
urn:mavedb:00000835-a-1#289,NA,NA,p.Pro33Phe,22.0,20.0,32.0,3.0,3.0,226.0
urn:mavedb:00000835-a-1#290,NA,NA,p.Pro33Gly,394.0,443.0,778.0,1223.0,1732.0,1669.0
urn:mavedb:00000835-a-1#291,NA,NA,p.Pro33His,17.0,22.0,46.0,19.0,28.0,25.0
urn:mavedb:00000835-a-1#292,NA,NA,p.Pro33Ile,29.0,39.0,63.0,39.0,131.0,55.0
urn:mavedb:00000835-a-1#293,NA,NA,p.Pro33Lys,26.0,41.0,53.0,104.0,103.0,50.0
urn:mavedb:00000835-a-1#294,NA,NA,p.Pro33Leu,390.0,409.0,688.0,1227.0,719.0,1482.0
urn:mavedb:00000835-a-1#295,NA,NA,p.Pro33Met,20.0,14.0,54.0,24.0,3.0,203.0
urn:mavedb:00000835-a-1#296,NA,NA,p.Pro33Asn,19.0,28.0,41.0,19.0,108.0,15.0
urn:mavedb:00000835-a-1#297,NA,NA,p.Asn34Ter,52.0,58.0,110.0,0.0,0.0,4.0
urn:mavedb:00000835-a-1#298,NA,NA,p.Asn34Ala,160.0,171.0,327.0,417.0,418.0,1107.0
urn:mavedb:00000835-a-1#299,NA,NA,p.Asn34Cys,35.0,27.0,62.0,89.0,6.0,98.0
urn:mavedb:00000835-a-1#300,NA,NA,p.Asn34Asp,328.0,405.0,703.0,1392.0,1014.0,2207.0
urn:mavedb:00000835-a-1#301,NA,NA,p.Asn34Glu,58.0,76.0,94.0,187.0,255.0,371.0
urn:mavedb:00000835-a-1#302,NA,NA,p.Asn34Phe,221.0,223.0,361.0,741.0,536.0,616.0
urn:mavedb:00000835-a-1#303,NA,NA,p.Asn34Gly,163.0,214.0,342.0,466.0,457.0,827.0
urn:mavedb:00000835-a-1#304,NA,NA,p.Asn34His,49.0,48.0,78.0,149.0,151.0,278.0
urn:mavedb:00000835-a-1#305,NA,NA,p.Asn34Ile,422.0,472.0,774.0,1796.0,1128.0,1373.0
urn:mavedb:00000835-a-1#306,NA,NA,p.Asn34Lys,40.0,58.0,86.0,313.0,219.0,224.0
urn:mavedb:00000835-a-1#307,NA,NA,p.Asn34Leu,667.0,822.0,1148.0,1772.0,2402.0,2969.0
urn:mavedb:00000835-a-1#308,NA,NA,p.Asn34Met,134.0,102.0,178.0,473.0,420.0,400.0
urn:mavedb:00000835-a-1#309,NA,NA,p.Trp35Ter,49.0,62.0,66.0,3.0,8.0,3.0
urn:mavedb:00000835-a-1#310,NA,NA,p.Trp35Ala,165.0,149.0,313.0,105.0,44.0,91.0
urn:mavedb:00000835-a-1#311,NA,NA,p.Trp35Cys,22.0,46.0,50.0,9.0,178.0,72.0
urn:mavedb:00000835-a-1#312,NA,NA,p.Trp35Asp,121.0,160.0,258.0,39.0,44.0,22.0
urn:mavedb:00000835-a-1#313,NA,NA,p.Trp35Glu,61.0,85.0,147.0,126.0,203.0,20.0
urn:mavedb:00000835-a-1#314,NA,NA,p.Trp35Phe,26.0,33.0,49.0,83.0,113.0,0.0
urn:mavedb:00000835-a-1#315,NA,NA,p.Trp35Gly,432.0,600.0,860.0,13.0,22.0,42.0
urn:mavedb:00000835-a-1#316,NA,NA,p.Trp35His,21.0,34.0,27.0,32.0,86.0,28.0
urn:mavedb:00000835-a-1#317,NA,NA,p.Trp35Ile,4.0,20.0,29.0,1.0,7.0,18.0
urn:mavedb:00000835-a-1#318,NA,NA,p.Trp35Lys,42.0,92.0,97.0,256.0,226.0,74.0
urn:mavedb:00000835-a-1#319,NA,NA,p.Trp35Leu,123.0,151.0,228.0,310.0,251.0,719.0
urn:mavedb:00000835-a-1#320,NA,NA,p.Trp35Met,117.0,120.0,232.0,351.0,391.0,798.0
urn:mavedb:00000835-a-1#321,NA,NA,p.Trp35Asn,30.0,34.0,48.0,21.0,52.0,38.0
urn:mavedb:00000835-a-1#322,NA,NA,p.Trp35Pro,337.0,330.0,543.0,3.0,5.0,9.0
urn:mavedb:00000835-a-1#323,NA,NA,p.Trp35Gln,44.0,67.0,116.0,42.0,85.0,319.0
urn:mavedb:00000835-a-1#324,NA,NA,p.Trp35Arg,168.0,196.0,359.0,913.0,393.0,475.0
urn:mavedb:00000835-a-1#325,NA,NA,p.Trp35Ser,105.0,119.0,150.0,82.0,99.0,204.0
urn:mavedb:00000835-a-1#326,NA,NA,p.Trp35Thr,166.0,188.0,259.0,372.0,463.0,724.0
urn:mavedb:00000835-a-1#327,NA,NA,p.Trp35Val,342.0,472.0,678.0,995.0,1437.0,1094.0
urn:mavedb:00000835-a-1#328,NA,NA,p.Trp36Ter,144.0,162.0,229.0,8.0,8.0,8.0
urn:mavedb:00000835-a-1#329,NA,NA,p.Trp36Ala,360.0,443.0,673.0,234.0,89.0,294.0
urn:mavedb:00000835-a-1#330,NA,NA,p.Trp36Cys,68.0,90.0,99.0,86.0,51.0,81.0
urn:mavedb:00000835-a-1#331,NA,NA,p.Trp36Asp,50.0,50.0,116.0,4.0,2.0,2.0
urn:mavedb:00000835-a-1#332,NA,NA,p.Trp36Glu,42.0,52.0,93.0,0.0,0.0,0.0
urn:mavedb:00000835-a-1#333,NA,NA,p.Trp36Phe,51.0,66.0,123.0,52.0,5.0,115.0
urn:mavedb:00000835-a-1#334,NA,NA,p.Trp36Gly,333.0,391.0,602.0,101.0,80.0,27.0
urn:mavedb:00000835-a-1#335,NA,NA,p.Trp36His,48.0,74.0,59.0,3.0,24.0,3.0
urn:mavedb:00000835-a-1#336,NA,NA,p.Trp36Ile,377.0,486.0,623.0,1052.0,1003.0,1379.0
urn:mavedb:00000835-a-1#337,NA,NA,p.Trp36Lys,58.0,58.0,69.0,0.0,4.0,1.0
urn:mavedb:00000835-a-1#338,NA,NA,p.Trp36Leu,275.0,314.0,447.0,593.0,671.0,1073.0
urn:mavedb:00000835-a-1#339,NA,NA,p.Trp36Met,111.0,111.0,163.0,182.0,225.0,268.0
urn:mavedb:00000835-a-1#340,NA,NA,p.Trp36Asn,22.0,27.0,42.0,0.0,0.0,1.0
urn:mavedb:00000835-a-1#341,NA,NA,p.Trp36Pro,65.0,79.0,135.0,41.0,14.0,67.0
urn:mavedb:00000835-a-1#342,NA,NA,p.Trp36Gln,33.0,57.0,62.0,0.0,8.0,4.0
urn:mavedb:00000835-a-1#343,NA,NA,p.Trp36Arg,536.0,592.0,834.0,19.0,14.0,29.0
urn:mavedb:00000835-a-1#344,NA,NA,p.Trp36Ser,816.0,984.0,1507.0,112.0,95.0,184.0
urn:mavedb:00000835-a-1#345,NA,NA,p.Trp36Thr,95.0,83.0,156.0,2.0,2.0,19.0
urn:mavedb:00000835-a-1#346,NA,NA,p.Trp36Val,187.0,247.0,363.0,622.0,249.0,753.0
urn:mavedb:00000835-a-1#347,NA,NA,p.Lys37Ter,153.0,186.0,277.0,1.0,3.0,5.0
urn:mavedb:00000835-a-1#348,NA,NA,p.Lys37Ala,200.0,189.0,258.0,154.0,377.0,207.0
urn:mavedb:00000835-a-1#349,NA,NA,p.Lys37Cys,24.0,42.0,63.0,79.0,37.0,71.0
urn:mavedb:00000835-a-1#350,NA,NA,p.Lys37Asp,33.0,39.0,79.0,0.0,1.0,6.0
urn:mavedb:00000835-a-1#351,NA,NA,p.Lys37Glu,48.0,62.0,87.0,26.0,267.0,330.0
urn:mavedb:00000835-a-1#352,NA,NA,p.Lys37Phe,173.0,193.0,293.0,195.0,387.0,342.0
urn:mavedb:00000835-a-1#353,NA,NA,p.Lys37Gly,333.0,423.0,569.0,240.0,296.0,273.0
urn:mavedb:00000835-a-1#354,NA,NA,p.Lys37His,552.0,662.0,1161.0,1504.0,1792.0,1876.0
urn:mavedb:00000835-a-1#355,NA,NA,p.Lys37Ile,584.0,730.0,1213.0,1834.0,1516.0,2695.0
urn:mavedb:00000835-a-1#356,NA,NA,p.Gly38Ter,179.0,237.0,296.0,126.0,8.0,3.0
urn:mavedb:00000835-a-1#357,NA,NA,p.Gly38Ala,685.0,814.0,1178.0,17.0,54.0,49.0
urn:mavedb:00000835-a-1#358,NA,NA,p.Gly38Cys,84.0,94.0,160.0,2.0,6.0,4.0
urn:mavedb:00000835-a-1#359,NA,NA,p.Gly38Asp,301.0,344.0,488.0,14.0,12.0,9.0
urn:mavedb:00000835-a-1#360,NA,NA,p.Gly38Glu,177.0,207.0,282.0,8.0,1.0,4.0
urn:mavedb:00000835-a-1#361,NA,NA,p.Gly38Phe,114.0,165.0,251.0,1.0,2.0,5.0
urn:mavedb:00000835-a-1#362,NA,NA,p.Ala39Ter,80.0,85.0,120.0,2.0,1.0,0.0
urn:mavedb:00000835-a-1#363,NA,NA,p.Cys40Ter,72.0,86.0,115.0,2.0,2.0,2.0
urn:mavedb:00000835-a-1#364,NA,NA,p.Cys40Ala,161.0,222.0,286.0,327.0,754.0,1004.0
urn:mavedb:00000835-a-1#365,NA,NA,p.His41Ter,147.0,104.0,189.0,1.0,5.0,8.0
urn:mavedb:00000835-a-1#366,NA,NA,p.His41Ala,187.0,192.0,310.0,395.0,168.0,236.0
urn:mavedb:00000835-a-1#367,NA,NA,p.His41Cys,49.0,46.0,86.0,147.0,174.0,89.0
urn:mavedb:00000835-a-1#368,NA,NA,p.His41Asp,20.0,12.0,48.0,58.0,10.0,114.0
urn:mavedb:00000835-a-1#369,NA,NA,p.His41Glu,496.0,668.0,988.0,1532.0,1014.0,1395.0
urn:mavedb:00000835-a-1#370,NA,NA,p.His41Phe,96.0,73.0,157.0,144.0,65.0,236.0
urn:mavedb:00000835-a-1#371,NA,NA,p.His41Gly,199.0,210.0,348.0,902.0,367.0,682.0
urn:mavedb:00000835-a-1#372,NA,NA,p.Gly42Ter,62.0,69.0,107.0,3.0,1.0,2.0
urn:mavedb:00000835-a-1#373,NA,NA,p.Gly42Ala,231.0,254.0,350.0,216.0,323.0,292.0
urn:mavedb:00000835-a-1#374,NA,NA,p.Gly42Cys,117.0,155.0,209.0,80.0,88.0,143.0
urn:mavedb:00000835-a-1#375,NA,NA,p.Gly42Asp,172.0,213.0,308.0,265.0,476.0,459.0
urn:mavedb:00000835-a-1#376,NA,NA,p.Gly42Glu,410.0,411.0,631.0,615.0,530.0,812.0
urn:mavedb:00000835-a-1#377,NA,NA,p.Gly42Phe,31.0,37.0,89.0,12.0,2.0,9.0
urn:mavedb:00000835-a-1#378,NA,NA,p.Gln43Ter,1091.0,1328.0,1995.0,38.0,26.0,51.0
urn:mavedb:00000835-a-1#379,NA,NA,p.Gln43Ala,78.0,82.0,126.0,328.0,245.0,69.0
urn:mavedb:00000835-a-1#380,NA,NA,p.Gln43Cys,81.0,87.0,181.0,299.0,352.0,428.0
urn:mavedb:00000835-a-1#381,NA,NA,p.Gln43Asp,21.0,25.0,51.0,49.0,26.0,47.0
urn:mavedb:00000835-a-1#382,NA,NA,p.Gln43Glu,50.0,33.0,83.0,331.0,73.0,613.0
urn:mavedb:00000835-a-1#383,NA,NA,p.Gln43Phe,52.0,41.0,77.0,206.0,43.0,90.0
urn:mavedb:00000835-a-1#384,NA,NA,p.Gln43Gly,397.0,499.0,691.0,820.0,717.0,921.0
urn:mavedb:00000835-a-1#385,NA,NA,p.Gln43His,152.0,119.0,207.0,623.0,656.0,600.0
urn:mavedb:00000835-a-1#386,NA,NA,p.Gln43Ile,32.0,25.0,53.0,282.0,10.0,162.0
urn:mavedb:00000835-a-1#387,NA,NA,p.Gln43Lys,51.0,106.0,100.0,222.0,177.0,445.0
urn:mavedb:00000835-a-1#388,NA,NA,p.Gln43Leu,203.0,271.0,462.0,613.0,887.0,687.0
urn:mavedb:00000835-a-1#389,NA,NA,p.Gln43Met,87.0,113.0,144.0,409.0,434.0,488.0
urn:mavedb:00000835-a-1#390,NA,NA,p.Gln43Asn,135.0,188.0,242.0,562.0,223.0,730.0
urn:mavedb:00000835-a-1#391,NA,NA,p.Gln43Pro,267.0,287.0,541.0,4.0,11.0,9.0
urn:mavedb:00000835-a-1#392,NA,NA,p.Thr44Ter,151.0,182.0,279.0,13.0,8.0,11.0
urn:mavedb:00000835-a-1#393,NA,NA,p.Thr44Ala,156.0,154.0,228.0,224.0,246.0,178.0
urn:mavedb:00000835-a-1#394,NA,NA,p.Thr44Cys,47.0,30.0,56.0,53.0,19.0,76.0
urn:mavedb:00000835-a-1#395,NA,NA,p.Thr44Asp,26.0,31.0,44.0,3.0,28.0,45.0
urn:mavedb:00000835-a-1#396,NA,NA,p.Thr44Glu,274.0,353.0,475.0,1646.0,903.0,1574.0
urn:mavedb:00000835-a-1#397,NA,NA,p.Thr44Phe,194.0,269.0,377.0,272.0,354.0,681.0
urn:mavedb:00000835-a-1#398,NA,NA,p.Thr44Gly,222.0,258.0,374.0,66.0,16.0,57.0
urn:mavedb:00000835-a-1#399,NA,NA,p.Thr44His,26.0,52.0,48.0,44.0,54.0,48.0
urn:mavedb:00000835-a-1#400,NA,NA,p.Thr44Ile,64.0,66.0,79.0,284.0,252.0,89.0
urn:mavedb:00000835-a-1#401,NA,NA,p.Thr44Lys,38.0,43.0,66.0,10.0,70.0,85.0
urn:mavedb:00000835-a-1#402,NA,NA,p.Thr44Leu,331.0,405.0,591.0,608.0,490.0,808.0
urn:mavedb:00000835-a-1#403,NA,NA,p.Thr44Met,66.0,56.0,108.0,293.0,115.0,107.0
urn:mavedb:00000835-a-1#404,NA,NA,p.Thr44Asn,143.0,149.0,243.0,258.0,224.0,408.0
urn:mavedb:00000835-a-1#405,NA,NA,p.Thr44Pro,37.0,52.0,141.0,48.0,52.0,60.0
urn:mavedb:00000835-a-1#406,NA,NA,p.Thr44Gln,53.0,61.0,97.0,139.0,79.0,163.0
urn:mavedb:00000835-a-1#407,NA,NA,p.Thr44Arg,437.0,484.0,674.0,625.0,417.0,582.0
urn:mavedb:00000835-a-1#408,NA,NA,p.Thr44Ser,440.0,528.0,758.0,768.0,929.0,941.0
urn:mavedb:00000835-a-1#409,NA,NA,p.Gly45Ter,197.0,222.0,319.0,5.0,3.0,4.0
urn:mavedb:00000835-a-1#410,NA,NA,p.Gly45Ala,2072.0,2401.0,3611.0,82.0,90.0,130.0
urn:mavedb:00000835-a-1#411,NA,NA,p.Gly45Cys,187.0,286.0,365.0,14.0,20.0,22.0
urn:mavedb:00000835-a-1#412,NA,NA,p.Gly45Asp,222.0,324.0,440.0,47.0,15.0,11.0
urn:mavedb:00000835-a-1#413,NA,NA,p.Gly45Glu,201.0,271.0,399.0,5.0,4.0,5.0
urn:mavedb:00000835-a-1#414,NA,NA,p.Gly45Phe,109.0,126.0,172.0,31.0,29.0,13.0
urn:mavedb:00000835-a-1#415,NA,NA,p.Met46Ter,447.0,426.0,734.0,6.0,21.0,13.0
urn:mavedb:00000835-a-1#416,NA,NA,p.Met46Ala,234.0,275.0,351.0,250.0,485.0,840.0
urn:mavedb:00000835-a-1#417,NA,NA,p.Met46Cys,139.0,174.0,185.0,343.0,165.0,261.0
urn:mavedb:00000835-a-1#418,NA,NA,p.Met46Asp,24.0,39.0,55.0,14.0,12.0,24.0
urn:mavedb:00000835-a-1#419,NA,NA,p.Met46Glu,22.0,49.0,69.0,97.0,89.0,21.0
urn:mavedb:00000835-a-1#420,NA,NA,p.Met46Phe,56.0,72.0,115.0,216.0,150.0,166.0
urn:mavedb:00000835-a-1#421,NA,NA,p.Met46Gly,170.0,176.0,264.0,107.0,79.0,255.0
urn:mavedb:00000835-a-1#422,NA,NA,p.Met46His,46.0,69.0,104.0,52.0,99.0,281.0
urn:mavedb:00000835-a-1#423,NA,NA,p.Met46Ile,235.0,330.0,435.0,1160.0,1253.0,1290.0
urn:mavedb:00000835-a-1#424,NA,NA,p.Met46Lys,156.0,184.0,249.0,217.0,683.0,1026.0
urn:mavedb:00000835-a-1#425,NA,NA,p.Met46Leu,1123.0,1336.0,2038.0,3828.0,3811.0,4999.0
urn:mavedb:00000835-a-1#426,NA,NA,p.Phe47Ter,56.0,61.0,95.0,0.0,0.0,3.0
urn:mavedb:00000835-a-1#427,NA,NA,p.Phe47Ala,648.0,699.0,1029.0,14.0,59.0,28.0
urn:mavedb:00000835-a-1#428,NA,NA,p.Phe47Cys,326.0,366.0,569.0,8.0,11.0,7.0
urn:mavedb:00000835-a-1#429,NA,NA,p.Phe47Asp,46.0,40.0,61.0,3.0,0.0,0.0
urn:mavedb:00000835-a-1#430,NA,NA,p.Phe47Glu,173.0,162.0,278.0,24.0,4.0,9.0
urn:mavedb:00000835-a-1#431,NA,NA,p.Pro48Ter,44.0,88.0,102.0,0.0,2.0,4.0
urn:mavedb:00000835-a-1#432,NA,NA,p.Pro48Ala,36.0,43.0,64.0,6.0,4.0,26.0
urn:mavedb:00000835-a-1#433,NA,NA,p.Pro48Cys,42.0,68.0,58.0,7.0,38.0,6.0
urn:mavedb:00000835-a-1#434,NA,NA,p.Pro48Asp,26.0,27.0,24.0,4.0,2.0,15.0
urn:mavedb:00000835-a-1#435,NA,NA,p.Pro48Glu,28.0,25.0,49.0,2.0,5.0,0.0
urn:mavedb:00000835-a-1#436,NA,NA,p.Pro48Phe,14.0,14.0,21.0,0.0,1.0,0.0
urn:mavedb:00000835-a-1#437,NA,NA,p.Pro48Gly,178.0,230.0,336.0,27.0,17.0,85.0
urn:mavedb:00000835-a-1#438,NA,NA,p.Pro48His,43.0,52.0,81.0,76.0,45.0,91.0
urn:mavedb:00000835-a-1#439,NA,NA,p.Pro48Ile,7.0,5.0,22.0,0.0,1.0,0.0
urn:mavedb:00000835-a-1#440,NA,NA,p.Pro48Lys,11.0,30.0,50.0,7.0,23.0,87.0
urn:mavedb:00000835-a-1#441,NA,NA,p.Pro48Leu,129.0,114.0,213.0,69.0,218.0,264.0
urn:mavedb:00000835-a-1#442,NA,NA,p.Pro48Met,8.0,11.0,32.0,29.0,1.0,25.0
urn:mavedb:00000835-a-1#443,NA,NA,p.Pro48Asn,632.0,677.0,1168.0,990.0,1156.0,1437.0
urn:mavedb:00000835-a-1#444,NA,NA,p.Arg49Ter,34.0,38.0,69.0,1.0,0.0,0.0
urn:mavedb:00000835-a-1#445,NA,NA,p.Arg49Ala,114.0,112.0,187.0,580.0,302.0,657.0
urn:mavedb:00000835-a-1#446,NA,NA,p.Arg49Cys,40.0,58.0,93.0,72.0,165.0,238.0
urn:mavedb:00000835-a-1#447,NA,NA,p.Arg49Asp,148.0,137.0,280.0,1.0,2.0,1.0
urn:mavedb:00000835-a-1#448,NA,NA,p.Arg49Glu,164.0,127.0,275.0,86.0,55.0,94.0
urn:mavedb:00000835-a-1#449,NA,NA,p.Arg49Phe,61.0,53.0,95.0,40.0,32.0,38.0
urn:mavedb:00000835-a-1#450,NA,NA,p.Arg49Gly,255.0,308.0,432.0,389.0,226.0,426.0
urn:mavedb:00000835-a-1#451,NA,NA,p.Arg49His,16.0,20.0,35.0,10.0,11.0,5.0
urn:mavedb:00000835-a-1#452,NA,NA,p.Arg49Ile,57.0,94.0,158.0,44.0,77.0,102.0
urn:mavedb:00000835-a-1#453,NA,NA,p.Arg49Lys,39.0,37.0,46.0,84.0,227.0,37.0
urn:mavedb:00000835-a-1#454,NA,NA,p.Arg49Leu,442.0,509.0,774.0,293.0,249.0,239.0
urn:mavedb:00000835-a-1#455,NA,NA,p.Arg49Met,87.0,98.0,147.0,174.0,50.0,338.0
urn:mavedb:00000835-a-1#456,NA,NA,p.Arg49Asn,33.0,48.0,63.0,49.0,15.0,17.0
urn:mavedb:00000835-a-1#457,NA,NA,p.Arg49Pro,448.0,544.0,795.0,893.0,1858.0,1655.0
urn:mavedb:00000835-a-1#458,NA,NA,p.Arg49Gln,31.0,35.0,45.0,57.0,232.0,56.0
urn:mavedb:00000835-a-1#459,NA,NA,p.Asn50Ter,65.0,60.0,85.0,2.0,3.0,1.0
urn:mavedb:00000835-a-1#460,NA,NA,p.Asn50Ala,99.0,111.0,213.0,321.0,176.0,355.0
urn:mavedb:00000835-a-1#461,NA,NA,p.Asn50Cys,31.0,33.0,66.0,111.0,5.0,64.0
urn:mavedb:00000835-a-1#462,NA,NA,p.Asn50Asp,19.0,10.0,26.0,58.0,47.0,2.0
urn:mavedb:00000835-a-1#463,NA,NA,p.Asn50Glu,68.0,86.0,111.0,165.0,290.0,276.0
urn:mavedb:00000835-a-1#464,NA,NA,p.Asn50Phe,20.0,21.0,21.0,12.0,0.0,32.0
urn:mavedb:00000835-a-1#465,NA,NA,p.Asn50Gly,347.0,428.0,632.0,941.0,546.0,1169.0
urn:mavedb:00000835-a-1#466,NA,NA,p.Asn50His,30.0,18.0,34.0,27.0,52.0,124.0
urn:mavedb:00000835-a-1#467,NA,NA,p.Asn50Ile,30.0,30.0,50.0,78.0,186.0,25.0
urn:mavedb:00000835-a-1#468,NA,NA,p.Asn50Lys,156.0,208.0,298.0,356.0,455.0,1533.0
urn:mavedb:00000835-a-1#469,NA,NA,p.Asn50Leu,345.0,456.0,659.0,625.0,762.0,889.0
urn:mavedb:00000835-a-1#470,NA,NA,p.Asn50Met,160.0,188.0,264.0,355.0,319.0,417.0
urn:mavedb:00000835-a-1#471,NA,NA,p.Tyr51Ter,35.0,63.0,105.0,0.0,1.0,2.0
urn:mavedb:00000835-a-1#472,NA,NA,p.Tyr51Ala,226.0,257.0,313.0,776.0,281.0,1459.0
urn:mavedb:00000835-a-1#473,NA,NA,p.Tyr51Cys,227.0,176.0,368.0,347.0,262.0,1024.0
urn:mavedb:00000835-a-1#474,NA,NA,p.Tyr51Asp,36.0,48.0,66.0,0.0,1.0,0.0
urn:mavedb:00000835-a-1#475,NA,NA,p.Tyr51Glu,261.0,244.0,377.0,12.0,14.0,5.0
urn:mavedb:00000835-a-1#476,NA,NA,p.Tyr51Phe,30.0,27.0,25.0,13.0,64.0,59.0
urn:mavedb:00000835-a-1#477,NA,NA,p.Tyr51Gly,582.0,658.0,1094.0,111.0,35.0,163.0
urn:mavedb:00000835-a-1#478,NA,NA,p.Tyr51His,39.0,19.0,36.0,158.0,6.0,113.0
urn:mavedb:00000835-a-1#479,NA,NA,p.Tyr51Ile,334.0,387.0,592.0,784.0,778.0,1779.0
urn:mavedb:00000835-a-1#480,NA,NA,p.Tyr51Lys,62.0,57.0,99.0,125.0,201.0,301.0
urn:mavedb:00000835-a-1#481,NA,NA,p.Tyr51Leu,98.0,100.0,178.0,211.0,281.0,907.0
urn:mavedb:00000835-a-1#482,NA,NA,p.Tyr51Met,79.0,91.0,186.0,236.0,225.0,665.0
urn:mavedb:00000835-a-1#483,NA,NA,p.Tyr51Asn,275.0,361.0,505.0,110.0,311.0,427.0
urn:mavedb:00000835-a-1#484,NA,NA,p.Tyr51Pro,44.0,50.0,85.0,2.0,1.0,0.0
urn:mavedb:00000835-a-1#485,NA,NA,p.Tyr51Gln,47.0,42.0,78.0,26.0,28.0,32.0
urn:mavedb:00000835-a-1#486,NA,NA,p.Tyr51Arg,1217.0,1269.0,2065.0,3509.0,3348.0,4001.0
urn:mavedb:00000835-a-1#487,NA,NA,p.Tyr51Ser,358.0,415.0,568.0,636.0,1069.0,943.0
urn:mavedb:00000835-a-1#488,NA,NA,p.Tyr51Thr,66.0,63.0,76.0,38.0,63.0,9.0
urn:mavedb:00000835-a-1#489,NA,NA,p.Tyr51Val,330.0,384.0,657.0,611.0,829.0,1286.0
urn:mavedb:00000835-a-1#490,NA,NA,p.Tyr51Trp,418.0,480.0,734.0,705.0,546.0,980.0
urn:mavedb:00000835-a-1#491,NA,NA,p.Val52Ter,33.0,53.0,75.0,0.0,1.0,13.0
urn:mavedb:00000835-a-1#492,NA,NA,p.Val52Ala,168.0,146.0,283.0,133.0,60.0,377.0
urn:mavedb:00000835-a-1#493,NA,NA,p.Val52Cys,27.0,36.0,65.0,35.0,51.0,169.0
urn:mavedb:00000835-a-1#494,NA,NA,p.Val52Asp,127.0,146.0,223.0,6.0,4.0,3.0
urn:mavedb:00000835-a-1#495,NA,NA,p.Val52Glu,36.0,37.0,93.0,0.0,2.0,0.0
urn:mavedb:00000835-a-1#496,NA,NA,p.Val52Phe,93.0,165.0,260.0,0.0,8.0,4.0
urn:mavedb:00000835-a-1#497,NA,NA,p.Val52Gly,295.0,303.0,487.0,22.0,64.0,50.0
urn:mavedb:00000835-a-1#498,NA,NA,p.Val52His,28.0,21.0,41.0,0.0,0.0,0.0
urn:mavedb:00000835-a-1#499,NA,NA,p.Val52Ile,394.0,444.0,690.0,494.0,344.0,863.0
urn:mavedb:00000835-a-1#500,NA,NA,p.Val52Lys,43.0,98.0,142.0,1.0,1.0,2.0
urn:mavedb:00000835-a-1#501,NA,NA,p.Val52Leu,171.0,196.0,368.0,4.0,14.0,6.0
urn:mavedb:00000835-a-1#502,NA,NA,p.Val52Met,19.0,44.0,43.0,1.0,0.0,1.0
urn:mavedb:00000835-a-1#503,NA,NA,p.Val52Asn,22.0,5.0,43.0,1.0,1.0,1.0
urn:mavedb:00000835-a-1#504,NA,NA,p.Val52Pro,229.0,206.0,367.0,2.0,11.0,6.0
urn:mavedb:00000835-a-1#505,NA,NA,p.Val52Gln,49.0,54.0,105.0,1.0,0.0,0.0
urn:mavedb:00000835-a-1#506,NA,NA,p.Val52Arg,570.0,643.0,919.0,22.0,22.0,16.0
urn:mavedb:00000835-a-1#507,NA,NA,p.Val52Ser,941.0,871.0,1553.0,390.0,110.0,388.0
urn:mavedb:00000835-a-1#508,NA,NA,p.Val52Thr,38.0,70.0,72.0,156.0,48.0,75.0
urn:mavedb:00000835-a-1#509,NA,NA,p.Thr53Ter,237.0,294.0,459.0,7.0,6.0,7.0
urn:mavedb:00000835-a-1#510,NA,NA,p.Thr53Ala,185.0,174.0,265.0,907.0,583.0,901.0
urn:mavedb:00000835-a-1#511,NA,NA,p.Thr53Cys,181.0,163.0,278.0,593.0,499.0,527.0
urn:mavedb:00000835-a-1#512,NA,NA,p.Thr53Asp,647.0,706.0,1092.0,1041.0,1100.0,1635.0
urn:mavedb:00000835-a-1#513,NA,NA,p.Thr53Glu,291.0,296.0,519.0,1348.0,863.0,1332.0
urn:mavedb:00000835-a-1#514,NA,NA,p.Thr53Phe,655.0,837.0,1345.0,1179.0,1550.0,2390.0
urn:mavedb:00000835-a-1#515,NA,NA,p.Thr53Gly,778.0,809.0,1344.0,2966.0,1876.0,5280.0
urn:mavedb:00000835-a-1#516,NA,NA,p.Thr53His,45.0,42.0,63.0,205.0,108.0,165.0
urn:mavedb:00000835-a-1#517,NA,NA,p.Thr53Ile,442.0,530.0,868.0,1925.0,1168.0,1881.0
urn:mavedb:00000835-a-1#518,NA,NA,p.Thr53Lys,120.0,126.0,263.0,517.0,478.0,1037.0
urn:mavedb:00000835-a-1#519,NA,NA,p.Thr53Leu,654.0,779.0,1266.0,1841.0,1987.0,3246.0
urn:mavedb:00000835-a-1#520,NA,NA,p.Thr53Met,138.0,136.0,283.0,405.0,344.0,778.0
urn:mavedb:00000835-a-1#521,NA,NA,p.Thr53Asn,60.0,64.0,131.0,300.0,53.0,132.0
urn:mavedb:00000835-a-1#522,NA,NA,p.Thr53Pro,403.0,447.0,679.0,17.0,20.0,19.0
urn:mavedb:00000835-a-1#523,NA,NA,p.Thr53Gln,119.0,129.0,165.0,610.0,548.0,812.0
urn:mavedb:00000835-a-1#524,NA,NA,p.Thr53Arg,1144.0,1232.0,1919.0,2908.0,2930.0,4455.0
urn:mavedb:00000835-a-1#525,NA,NA,p.Thr53Ser,308.0,367.0,530.0,1204.0,1105.0,1139.0
urn:mavedb:00000835-a-1#526,NA,NA,p.Pro54Ter,92.0,85.0,177.0,2.0,2.0,3.0
urn:mavedb:00000835-a-1#527,NA,NA,p.Pro54Ala,535.0,545.0,824.0,1694.0,1556.0,2645.0
urn:mavedb:00000835-a-1#528,NA,NA,p.Pro54Cys,199.0,190.0,335.0,482.0,266.0,755.0
urn:mavedb:00000835-a-1#529,NA,NA,p.Pro54Asp,65.0,57.0,85.0,160.0,163.0,230.0
urn:mavedb:00000835-a-1#530,NA,NA,p.Pro54Glu,103.0,132.0,161.0,665.0,90.0,211.0
urn:mavedb:00000835-a-1#531,NA,NA,p.Pro54Phe,30.0,38.0,61.0,73.0,128.0,48.0
urn:mavedb:00000835-a-1#532,NA,NA,p.Pro54Gly,571.0,643.0,924.0,1088.0,1782.0,1601.0
urn:mavedb:00000835-a-1#533,NA,NA,p.Pro54His,89.0,119.0,176.0,207.0,248.0,271.0
urn:mavedb:00000835-a-1#534,NA,NA,p.Pro54Ile,88.0,58.0,158.0,242.0,114.0,205.0
urn:mavedb:00000835-a-1#535,NA,NA,p.Pro54Lys,88.0,75.0,170.0,523.0,440.0,683.0
urn:mavedb:00000835-a-1#536,NA,NA,p.Pro54Leu,216.0,282.0,416.0,1213.0,1110.0,1160.0
urn:mavedb:00000835-a-1#537,NA,NA,p.Pro54Met,78.0,85.0,124.0,91.0,96.0,226.0
urn:mavedb:00000835-a-1#538,NA,NA,p.Pro54Asn,45.0,69.0,109.0,280.0,200.0,313.0
urn:mavedb:00000835-a-1#539,NA,NA,p.Val55Ter,89.0,84.0,150.0,2.0,1.0,2.0
urn:mavedb:00000835-a-1#540,NA,NA,p.Val55Ala,471.0,369.0,740.0,1267.0,967.0,1156.0
urn:mavedb:00000835-a-1#541,NA,NA,p.Val55Cys,104.0,102.0,188.0,295.0,390.0,1017.0
urn:mavedb:00000835-a-1#542,NA,NA,p.Val55Asp,35.0,31.0,48.0,57.0,34.0,42.0
urn:mavedb:00000835-a-1#543,NA,NA,p.Val55Glu,856.0,949.0,1552.0,1943.0,1783.0,2796.0
urn:mavedb:00000835-a-1#544,NA,NA,p.Val55Phe,26.0,16.0,27.0,148.0,99.0,35.0
urn:mavedb:00000835-a-1#545,NA,NA,p.Val55Gly,753.0,812.0,1258.0,2073.0,1840.0,1946.0
urn:mavedb:00000835-a-1#546,NA,NA,p.Val55His,57.0,76.0,116.0,11.0,153.0,341.0
urn:mavedb:00000835-a-1#547,NA,NA,p.Val55Ile,39.0,61.0,66.0,71.0,140.0,96.0
urn:mavedb:00000835-a-1#548,NA,NA,p.Val55Lys,25.0,25.0,55.0,16.0,7.0,176.0
urn:mavedb:00000835-a-1#549,NA,NA,p.Val55Leu,77.0,129.0,184.0,219.0,319.0,177.0
urn:mavedb:00000835-a-1#550,NA,NA,p.Val55Met,23.0,30.0,45.0,76.0,25.0,38.0
urn:mavedb:00000835-a-1#551,NA,NA,p.Val55Asn,14.0,17.0,14.0,3.0,3.0,2.0
urn:mavedb:00000835-a-1#552,NA,NA,p.Val55Pro,221.0,184.0,267.0,417.0,191.0,221.0
urn:mavedb:00000835-a-1#553,NA,NA,p.Val55Gln,13.0,25.0,20.0,0.0,23.0,97.0
urn:mavedb:00000835-a-1#554,NA,NA,p.Val55Arg,164.0,176.0,301.0,209.0,184.0,511.0
urn:mavedb:00000835-a-1#555,NA,NA,p.Val55Ser,109.0,131.0,191.0,143.0,371.0,142.0
urn:mavedb:00000835-a-1#556,NA,NA,p.Val55Thr,35.0,33.0,84.0,147.0,112.0,301.0
urn:mavedb:00000835-a-1#557,NA,NA,p.Asn56Ter,0.0,0.0,1.0,0.0,0.0,0.0
urn:mavedb:00000835-a-1#558,NA,NA,p.Asn56Ala,6.0,15.0,14.0,1.0,3.0,56.0
urn:mavedb:00000835-a-1#559,NA,NA,p.Asn56Cys,9.0,10.0,8.0,9.0,3.0,23.0
urn:mavedb:00000835-a-1#560,NA,NA,p.Asn56Asp,13.0,22.0,28.0,47.0,55.0,126.0
urn:mavedb:00000835-a-1#561,NA,NA,p.Asn56Glu,0.0,0.0,1.0,0.0,0.0,0.0
urn:mavedb:00000835-a-1#562,NA,NA,p.Asn56Phe,3.0,0.0,2.0,0.0,0.0,0.0
urn:mavedb:00000835-a-1#563,NA,NA,p.Asn56Gly,40.0,27.0,62.0,20.0,25.0,281.0
urn:mavedb:00000835-a-1#564,NA,NA,p.Asn56His,17.0,24.0,27.0,3.0,71.0,10.0
urn:mavedb:00000835-a-1#565,NA,NA,p.Asn56Ile,212.0,269.0,400.0,531.0,575.0,320.0
urn:mavedb:00000835-a-1#566,NA,NA,p.Asn56Lys,0.0,0.0,3.0,0.0,0.0,0.0
urn:mavedb:00000835-a-1#567,NA,NA,p.Asn56Leu,1.0,11.0,6.0,0.0,2.0,12.0
urn:mavedb:00000835-a-1#568,NA,NA,p.Asn56Met,NA,NA,NA,NA,NA,NA
urn:mavedb:00000835-a-1#569,NA,NA,p.=,31130.0,36116.0,54909.0,114486.0,110744.0,147033.0
urn:mavedb:00000835-a-1#570,NA,NA,p.Asn56Pro,8.0,3.0,23.0,70.0,12.0,9.0
urn:mavedb:00000835-a-1#571,NA,NA,p.Asn56Gln,NA,NA,NA,NA,NA,NA
urn:mavedb:00000835-a-1#572,NA,NA,p.Asn56Arg,8.0,4.0,9.0,0.0,104.0,0.0
urn:mavedb:00000835-a-1#573,NA,NA,p.Asn56Ser,72.0,95.0,126.0,69.0,156.0,388.0
urn:mavedb:00000835-a-1#574,NA,NA,p.Asn56Thr,25.0,15.0,49.0,2.0,8.0,11.0
urn:mavedb:00000835-a-1#575,NA,NA,p.Asn56Val,8.0,14.0,4.0,31.0,0.0,0.0
urn:mavedb:00000835-a-1#576,NA,NA,p.Asn56Trp,0.0,0.0,2.0,0.0,0.0,0.0
urn:mavedb:00000835-a-1#577,NA,NA,p.Asn56Tyr,7.0,1.0,9.0,1.0,1.0,8.0
urn:mavedb:00000835-a-1#578,NA,NA,p.Val55Trp,44.0,64.0,127.0,70.0,91.0,230.0
urn:mavedb:00000835-a-1#579,NA,NA,p.Val55Tyr,17.0,25.0,23.0,16.0,19.0,2.0
urn:mavedb:00000835-a-1#580,NA,NA,p.Pro54Gln,50.0,76.0,92.0,180.0,257.0,440.0
urn:mavedb:00000835-a-1#581,NA,NA,p.Pro54Arg,768.0,936.0,1299.0,2461.0,1574.0,2906.0
urn:mavedb:00000835-a-1#582,NA,NA,p.Pro54Ser,159.0,185.0,273.0,417.0,485.0,231.0
urn:mavedb:00000835-a-1#583,NA,NA,p.Pro54Thr,202.0,251.0,329.0,1283.0,630.0,1408.0
urn:mavedb:00000835-a-1#584,NA,NA,p.Pro54Val,144.0,163.0,304.0,272.0,351.0,426.0
urn:mavedb:00000835-a-1#585,NA,NA,p.Pro54Trp,84.0,78.0,174.0,229.0,128.0,508.0
urn:mavedb:00000835-a-1#586,NA,NA,p.Pro54Tyr,26.0,50.0,53.0,160.0,275.0,91.0
urn:mavedb:00000835-a-1#587,NA,NA,p.Thr53Val,653.0,776.0,1189.0,1509.0,1226.0,2237.0
urn:mavedb:00000835-a-1#588,NA,NA,p.Thr53Trp,916.0,1014.0,1495.0,904.0,461.0,1217.0
urn:mavedb:00000835-a-1#589,NA,NA,p.Thr53Tyr,202.0,214.0,270.0,469.0,331.0,242.0
urn:mavedb:00000835-a-1#590,NA,NA,p.Val52Trp,174.0,221.0,356.0,1.0,6.0,5.0
urn:mavedb:00000835-a-1#591,NA,NA,p.Val52Tyr,13.0,18.0,29.0,0.0,0.0,2.0
urn:mavedb:00000835-a-1#592,NA,NA,p.Asn50Pro,91.0,114.0,180.0,157.0,40.0,301.0
urn:mavedb:00000835-a-1#593,NA,NA,p.Asn50Gln,126.0,160.0,289.0,344.0,713.0,1629.0
urn:mavedb:00000835-a-1#594,NA,NA,p.Asn50Arg,867.0,860.0,1340.0,2825.0,2597.0,3485.0
urn:mavedb:00000835-a-1#595,NA,NA,p.Asn50Ser,174.0,193.0,278.0,453.0,468.0,767.0
urn:mavedb:00000835-a-1#596,NA,NA,p.Asn50Thr,70.0,71.0,109.0,214.0,507.0,270.0
urn:mavedb:00000835-a-1#597,NA,NA,p.Asn50Val,121.0,151.0,250.0,89.0,310.0,78.0
urn:mavedb:00000835-a-1#598,NA,NA,p.Asn50Trp,466.0,551.0,872.0,744.0,548.0,692.0
urn:mavedb:00000835-a-1#599,NA,NA,p.Asn50Tyr,191.0,182.0,315.0,449.0,199.0,406.0
urn:mavedb:00000835-a-1#600,NA,NA,p.Arg49Ser,169.0,170.0,313.0,658.0,739.0,513.0
urn:mavedb:00000835-a-1#601,NA,NA,p.Arg49Thr,56.0,69.0,79.0,77.0,57.0,171.0
urn:mavedb:00000835-a-1#602,NA,NA,p.Arg49Val,48.0,51.0,96.0,137.0,72.0,182.0
urn:mavedb:00000835-a-1#603,NA,NA,p.Arg49Trp,1663.0,1893.0,2951.0,563.0,665.0,826.0
urn:mavedb:00000835-a-1#604,NA,NA,p.Arg49Tyr,49.0,82.0,86.0,46.0,69.0,45.0
urn:mavedb:00000835-a-1#605,NA,NA,p.Pro48Gln,21.0,25.0,42.0,26.0,4.0,8.0
urn:mavedb:00000835-a-1#606,NA,NA,p.Pro48Arg,96.0,147.0,228.0,215.0,304.0,381.0
urn:mavedb:00000835-a-1#607,NA,NA,p.Pro48Ser,134.0,127.0,284.0,80.0,71.0,69.0
urn:mavedb:00000835-a-1#608,NA,NA,p.Pro48Thr,194.0,244.0,351.0,7.0,8.0,18.0
urn:mavedb:00000835-a-1#609,NA,NA,p.Pro48Val,36.0,48.0,76.0,0.0,1.0,2.0
urn:mavedb:00000835-a-1#610,NA,NA,p.Pro48Trp,48.0,49.0,124.0,43.0,4.0,30.0
urn:mavedb:00000835-a-1#611,NA,NA,p.Pro48Tyr,10.0,11.0,23.0,2.0,1.0,2.0
urn:mavedb:00000835-a-1#612,NA,NA,p.Phe47Gly,696.0,758.0,1105.0,23.0,48.0,20.0
urn:mavedb:00000835-a-1#613,NA,NA,p.Phe47His,137.0,149.0,230.0,4.0,2.0,4.0
urn:mavedb:00000835-a-1#614,NA,NA,p.Phe47Ile,104.0,101.0,128.0,59.0,76.0,105.0
urn:mavedb:00000835-a-1#615,NA,NA,p.Phe47Lys,77.0,79.0,107.0,1.0,3.0,4.0
urn:mavedb:00000835-a-1#616,NA,NA,p.Phe47Leu,304.0,299.0,437.0,86.0,37.0,70.0
urn:mavedb:00000835-a-1#617,NA,NA,p.Phe47Met,159.0,208.0,248.0,5.0,8.0,9.0
urn:mavedb:00000835-a-1#618,NA,NA,p.Phe47Asn,23.0,17.0,38.0,1.0,0.0,1.0
urn:mavedb:00000835-a-1#619,NA,NA,p.Phe47Pro,218.0,256.0,352.0,4.0,5.0,10.0
urn:mavedb:00000835-a-1#620,NA,NA,p.Phe47Gln,64.0,64.0,119.0,4.0,2.0,3.0
urn:mavedb:00000835-a-1#621,NA,NA,p.Phe47Arg,950.0,997.0,1532.0,50.0,75.0,31.0
urn:mavedb:00000835-a-1#622,NA,NA,p.Phe47Ser,242.0,196.0,403.0,35.0,31.0,68.0
urn:mavedb:00000835-a-1#623,NA,NA,p.Phe47Thr,48.0,95.0,112.0,1.0,3.0,1.0
urn:mavedb:00000835-a-1#624,NA,NA,p.Phe47Val,444.0,458.0,742.0,39.0,96.0,100.0
urn:mavedb:00000835-a-1#625,NA,NA,p.Phe47Trp,98.0,86.0,153.0,3.0,1.0,1.0
urn:mavedb:00000835-a-1#626,NA,NA,p.Phe47Tyr,40.0,51.0,88.0,2.0,0.0,0.0
urn:mavedb:00000835-a-1#627,NA,NA,p.Met46Asn,121.0,121.0,203.0,413.0,282.0,374.0
urn:mavedb:00000835-a-1#628,NA,NA,p.Met46Pro,86.0,86.0,159.0,2.0,3.0,5.0
urn:mavedb:00000835-a-1#629,NA,NA,p.Met46Gln,72.0,100.0,149.0,60.0,106.0,232.0
urn:mavedb:00000835-a-1#630,NA,NA,p.Met46Arg,342.0,316.0,538.0,1153.0,935.0,1351.0
urn:mavedb:00000835-a-1#631,NA,NA,p.Met46Ser,782.0,905.0,1360.0,2126.0,1888.0,2024.0
urn:mavedb:00000835-a-1#632,NA,NA,p.Met46Thr,203.0,169.0,331.0,699.0,649.0,708.0
urn:mavedb:00000835-a-1#633,NA,NA,p.Met46Val,276.0,367.0,616.0,1114.0,1135.0,1630.0
urn:mavedb:00000835-a-1#634,NA,NA,p.Met46Trp,85.0,144.0,189.0,234.0,404.0,341.0
urn:mavedb:00000835-a-1#635,NA,NA,p.Met46Tyr,22.0,46.0,66.0,38.0,9.0,299.0
urn:mavedb:00000835-a-1#636,NA,NA,p.Gly45His,156.0,184.0,320.0,6.0,4.0,5.0
urn:mavedb:00000835-a-1#637,NA,NA,p.Gly45Ile,87.0,132.0,162.0,8.0,18.0,12.0
urn:mavedb:00000835-a-1#638,NA,NA,p.Gly45Lys,706.0,873.0,1163.0,28.0,42.0,43.0
urn:mavedb:00000835-a-1#639,NA,NA,p.Gly45Leu,473.0,559.0,751.0,76.0,29.0,70.0
urn:mavedb:00000835-a-1#640,NA,NA,p.Gly45Met,109.0,101.0,120.0,1.0,0.0,3.0
urn:mavedb:00000835-a-1#641,NA,NA,p.Gly45Asn,94.0,109.0,149.0,2.0,1.0,3.0
urn:mavedb:00000835-a-1#642,NA,NA,p.Gly45Pro,293.0,282.0,436.0,4.0,7.0,3.0
urn:mavedb:00000835-a-1#643,NA,NA,p.Gly45Gln,126.0,117.0,174.0,8.0,1.0,7.0
urn:mavedb:00000835-a-1#644,NA,NA,p.Gly45Arg,474.0,637.0,829.0,106.0,77.0,98.0
urn:mavedb:00000835-a-1#645,NA,NA,p.Gly45Ser,471.0,619.0,819.0,11.0,17.0,33.0
urn:mavedb:00000835-a-1#646,NA,NA,p.Gly45Thr,361.0,499.0,722.0,23.0,9.0,16.0
urn:mavedb:00000835-a-1#647,NA,NA,p.Gly45Val,318.0,467.0,743.0,21.0,20.0,20.0
urn:mavedb:00000835-a-1#648,NA,NA,p.Gly45Trp,190.0,182.0,268.0,3.0,3.0,7.0
urn:mavedb:00000835-a-1#649,NA,NA,p.Gly45Tyr,63.0,81.0,103.0,0.0,0.0,0.0
urn:mavedb:00000835-a-1#650,NA,NA,p.Thr44Val,262.0,346.0,410.0,1508.0,1261.0,1069.0
urn:mavedb:00000835-a-1#651,NA,NA,p.Thr44Trp,133.0,112.0,177.0,44.0,46.0,32.0
urn:mavedb:00000835-a-1#652,NA,NA,p.Thr44Tyr,27.0,36.0,19.0,87.0,143.0,30.0
urn:mavedb:00000835-a-1#653,NA,NA,p.Gln43Arg,1153.0,1499.0,2374.0,5423.0,5178.0,6761.0
urn:mavedb:00000835-a-1#654,NA,NA,p.Gln43Ser,588.0,796.0,1180.0,2140.0,1849.0,4077.0
urn:mavedb:00000835-a-1#655,NA,NA,p.Gln43Thr,232.0,230.0,319.0,288.0,562.0,785.0
urn:mavedb:00000835-a-1#656,NA,NA,p.Gln43Val,508.0,596.0,770.0,2074.0,1657.0,2582.0
urn:mavedb:00000835-a-1#657,NA,NA,p.Gln43Trp,541.0,511.0,868.0,563.0,549.0,629.0
urn:mavedb:00000835-a-1#658,NA,NA,p.Gln43Tyr,41.0,46.0,42.0,29.0,191.0,20.0
urn:mavedb:00000835-a-1#659,NA,NA,p.Gly42His,14.0,29.0,47.0,14.0,11.0,9.0
urn:mavedb:00000835-a-1#660,NA,NA,p.Gly42Ile,23.0,37.0,72.0,1.0,1.0,1.0
urn:mavedb:00000835-a-1#661,NA,NA,p.Gly42Lys,230.0,226.0,367.0,171.0,151.0,680.0
urn:mavedb:00000835-a-1#662,NA,NA,p.Gly42Leu,399.0,445.0,571.0,178.0,106.0,196.0
urn:mavedb:00000835-a-1#663,NA,NA,p.Gly42Met,67.0,74.0,121.0,106.0,26.0,51.0
urn:mavedb:00000835-a-1#664,NA,NA,p.Gly42Asn,45.0,53.0,60.0,150.0,168.0,96.0
urn:mavedb:00000835-a-1#665,NA,NA,p.Gly42Pro,786.0,793.0,1214.0,16.0,42.0,32.0
urn:mavedb:00000835-a-1#666,NA,NA,p.Gly42Gln,412.0,535.0,771.0,855.0,531.0,1332.0
urn:mavedb:00000835-a-1#667,NA,NA,p.Gly42Arg,160.0,203.0,314.0,85.0,318.0,183.0
urn:mavedb:00000835-a-1#668,NA,NA,p.Gly42Ser,174.0,209.0,338.0,262.0,156.0,379.0
urn:mavedb:00000835-a-1#669,NA,NA,p.Gly42Thr,389.0,435.0,649.0,166.0,89.0,81.0
urn:mavedb:00000835-a-1#670,NA,NA,p.Gly42Val,394.0,468.0,606.0,8.0,40.0,8.0
urn:mavedb:00000835-a-1#671,NA,NA,p.Gly42Trp,209.0,220.0,356.0,6.0,7.0,13.0
urn:mavedb:00000835-a-1#672,NA,NA,p.Gly42Tyr,47.0,32.0,65.0,4.0,3.0,74.0
urn:mavedb:00000835-a-1#673,NA,NA,p.His41Ile,73.0,91.0,153.0,3.0,5.0,5.0
urn:mavedb:00000835-a-1#674,NA,NA,p.His41Lys,45.0,58.0,124.0,162.0,260.0,118.0
urn:mavedb:00000835-a-1#675,NA,NA,p.His41Leu,1004.0,1078.0,1702.0,1355.0,1246.0,2351.0
urn:mavedb:00000835-a-1#676,NA,NA,p.His41Met,212.0,236.0,360.0,339.0,465.0,659.0
urn:mavedb:00000835-a-1#677,NA,NA,p.His41Asn,62.0,74.0,126.0,84.0,238.0,287.0
urn:mavedb:00000835-a-1#678,NA,NA,p.His41Pro,202.0,260.0,377.0,14.0,17.0,10.0
urn:mavedb:00000835-a-1#679,NA,NA,p.His41Gln,175.0,195.0,334.0,534.0,537.0,584.0
urn:mavedb:00000835-a-1#680,NA,NA,p.His41Arg,391.0,578.0,704.0,1025.0,1499.0,1476.0
urn:mavedb:00000835-a-1#681,NA,NA,p.His41Ser,457.0,469.0,729.0,877.0,761.0,775.0
urn:mavedb:00000835-a-1#682,NA,NA,p.His41Thr,68.0,77.0,132.0,13.0,11.0,32.0
urn:mavedb:00000835-a-1#683,NA,NA,p.His41Val,96.0,116.0,189.0,5.0,20.0,21.0
urn:mavedb:00000835-a-1#684,NA,NA,p.His41Trp,1201.0,1372.0,1925.0,910.0,898.0,1435.0
urn:mavedb:00000835-a-1#685,NA,NA,p.His41Tyr,61.0,72.0,87.0,38.0,52.0,211.0
urn:mavedb:00000835-a-1#686,NA,NA,p.Cys40Asp,52.0,69.0,93.0,5.0,1.0,1.0
urn:mavedb:00000835-a-1#687,NA,NA,p.Cys40Glu,156.0,189.0,305.0,2.0,3.0,12.0
urn:mavedb:00000835-a-1#688,NA,NA,p.Cys40Phe,52.0,43.0,100.0,26.0,26.0,46.0
urn:mavedb:00000835-a-1#689,NA,NA,p.Cys40Gly,952.0,982.0,1523.0,182.0,70.0,69.0
urn:mavedb:00000835-a-1#690,NA,NA,p.Cys40His,41.0,56.0,65.0,56.0,90.0,99.0
urn:mavedb:00000835-a-1#691,NA,NA,p.Cys40Ile,57.0,71.0,134.0,94.0,53.0,272.0
urn:mavedb:00000835-a-1#692,NA,NA,p.Cys40Lys,52.0,63.0,89.0,75.0,71.0,33.0
urn:mavedb:00000835-a-1#693,NA,NA,p.Cys40Leu,629.0,657.0,949.0,2004.0,1506.0,2625.0
urn:mavedb:00000835-a-1#694,NA,NA,p.Cys40Met,47.0,91.0,102.0,15.0,89.0,322.0
urn:mavedb:00000835-a-1#695,NA,NA,p.Cys40Asn,85.0,108.0,210.0,26.0,105.0,132.0
urn:mavedb:00000835-a-1#696,NA,NA,p.Cys40Pro,47.0,61.0,111.0,0.0,1.0,4.0
urn:mavedb:00000835-a-1#697,NA,NA,p.Cys40Gln,60.0,85.0,142.0,5.0,10.0,17.0
urn:mavedb:00000835-a-1#698,NA,NA,p.Cys40Arg,1073.0,1204.0,1884.0,2383.0,2375.0,2696.0
urn:mavedb:00000835-a-1#699,NA,NA,p.Cys40Ser,334.0,385.0,614.0,892.0,473.0,516.0
urn:mavedb:00000835-a-1#700,NA,NA,p.Cys40Thr,69.0,70.0,156.0,213.0,93.0,130.0
urn:mavedb:00000835-a-1#701,NA,NA,p.Cys40Val,958.0,1250.0,1765.0,2787.0,3483.0,4786.0
urn:mavedb:00000835-a-1#702,NA,NA,p.Cys40Trp,398.0,460.0,676.0,121.0,37.0,30.0
urn:mavedb:00000835-a-1#703,NA,NA,p.Cys40Tyr,66.0,78.0,120.0,3.0,9.0,96.0
urn:mavedb:00000835-a-1#704,NA,NA,p.Ala39Cys,31.0,47.0,55.0,151.0,73.0,118.0
urn:mavedb:00000835-a-1#705,NA,NA,p.Ala39Asp,56.0,95.0,125.0,83.0,324.0,273.0
urn:mavedb:00000835-a-1#706,NA,NA,p.Ala39Glu,82.0,105.0,121.0,494.0,699.0,356.0
urn:mavedb:00000835-a-1#707,NA,NA,p.Ala39Phe,244.0,270.0,428.0,571.0,622.0,948.0
urn:mavedb:00000835-a-1#708,NA,NA,p.Ala39Gly,383.0,349.0,610.0,1161.0,1212.0,1111.0
urn:mavedb:00000835-a-1#709,NA,NA,p.Ala39His,121.0,140.0,234.0,340.0,466.0,960.0
urn:mavedb:00000835-a-1#710,NA,NA,p.Ala39Ile,55.0,85.0,124.0,158.0,146.0,64.0
urn:mavedb:00000835-a-1#711,NA,NA,p.Ala39Lys,500.0,669.0,1020.0,1639.0,2203.0,2985.0
urn:mavedb:00000835-a-1#712,NA,NA,p.Ala39Leu,315.0,361.0,532.0,1407.0,585.0,1067.0
urn:mavedb:00000835-a-1#713,NA,NA,p.Ala39Met,169.0,193.0,326.0,715.0,590.0,626.0
urn:mavedb:00000835-a-1#714,NA,NA,p.Ala39Asn,20.0,27.0,63.0,92.0,33.0,113.0
urn:mavedb:00000835-a-1#715,NA,NA,p.Ala39Pro,115.0,102.0,178.0,4.0,0.0,4.0
urn:mavedb:00000835-a-1#716,NA,NA,p.Ala39Gln,78.0,53.0,131.0,236.0,309.0,228.0
urn:mavedb:00000835-a-1#717,NA,NA,p.Ala39Arg,142.0,159.0,296.0,729.0,504.0,929.0
urn:mavedb:00000835-a-1#718,NA,NA,p.Ala39Ser,783.0,830.0,1292.0,2699.0,4289.0,5122.0
urn:mavedb:00000835-a-1#719,NA,NA,p.Ala39Thr,63.0,115.0,214.0,137.0,308.0,1149.0
urn:mavedb:00000835-a-1#720,NA,NA,p.Ala39Val,179.0,198.0,244.0,585.0,680.0,669.0
urn:mavedb:00000835-a-1#721,NA,NA,p.Ala39Trp,507.0,634.0,966.0,909.0,1281.0,1867.0
urn:mavedb:00000835-a-1#722,NA,NA,p.Ala39Tyr,29.0,34.0,59.0,293.0,90.0,84.0
urn:mavedb:00000835-a-1#723,NA,NA,p.Gly38His,144.0,124.0,170.0,4.0,4.0,9.0
urn:mavedb:00000835-a-1#724,NA,NA,p.Gly38Ile,87.0,118.0,169.0,3.0,0.0,7.0
urn:mavedb:00000835-a-1#725,NA,NA,p.Gly38Lys,180.0,208.0,401.0,74.0,5.0,6.0
urn:mavedb:00000835-a-1#726,NA,NA,p.Gly38Leu,633.0,773.0,1042.0,9.0,14.0,15.0
urn:mavedb:00000835-a-1#727,NA,NA,p.Gly38Met,75.0,136.0,187.0,2.0,5.0,0.0
urn:mavedb:00000835-a-1#728,NA,NA,p.Gly38Asn,200.0,244.0,349.0,7.0,9.0,6.0
urn:mavedb:00000835-a-1#729,NA,NA,p.Gly38Pro,881.0,1043.0,1587.0,30.0,26.0,31.0
urn:mavedb:00000835-a-1#730,NA,NA,p.Gly38Gln,80.0,123.0,107.0,0.0,2.0,1.0
urn:mavedb:00000835-a-1#731,NA,NA,p.Gly38Arg,1178.0,1249.0,2060.0,43.0,155.0,71.0
urn:mavedb:00000835-a-1#732,NA,NA,p.Gly38Ser,366.0,421.0,643.0,48.0,10.0,16.0
urn:mavedb:00000835-a-1#733,NA,NA,p.Gly38Thr,510.0,793.0,1024.0,11.0,26.0,16.0
urn:mavedb:00000835-a-1#734,NA,NA,p.Gly38Val,334.0,340.0,503.0,16.0,5.0,14.0
urn:mavedb:00000835-a-1#735,NA,NA,p.Gly38Trp,191.0,271.0,397.0,2.0,3.0,8.0
urn:mavedb:00000835-a-1#736,NA,NA,p.Gly38Tyr,234.0,213.0,320.0,5.0,9.0,3.0
urn:mavedb:00000835-a-1#737,NA,NA,p.Lys37Leu,810.0,844.0,1550.0,2289.0,1464.0,3392.0
urn:mavedb:00000835-a-1#738,NA,NA,p.Lys37Met,111.0,161.0,190.0,156.0,352.0,629.0
urn:mavedb:00000835-a-1#739,NA,NA,p.Lys37Asn,25.0,27.0,25.0,12.0,22.0,9.0
urn:mavedb:00000835-a-1#740,NA,NA,p.Lys37Pro,416.0,386.0,654.0,13.0,6.0,10.0
urn:mavedb:00000835-a-1#741,NA,NA,p.Lys37Gln,50.0,51.0,78.0,370.0,73.0,292.0
urn:mavedb:00000835-a-1#742,NA,NA,p.Lys37Arg,213.0,224.0,397.0,521.0,682.0,794.0
urn:mavedb:00000835-a-1#743,NA,NA,p.Lys37Ser,1229.0,1368.0,2255.0,1927.0,3101.0,3201.0
urn:mavedb:00000835-a-1#744,NA,NA,p.Lys37Thr,319.0,394.0,558.0,791.0,917.0,1233.0
urn:mavedb:00000835-a-1#745,NA,NA,p.Lys37Val,143.0,207.0,288.0,218.0,418.0,443.0
urn:mavedb:00000835-a-1#746,NA,NA,p.Lys37Trp,45.0,45.0,102.0,82.0,117.0,70.0
urn:mavedb:00000835-a-1#747,NA,NA,p.Lys37Tyr,23.0,56.0,49.0,49.0,217.0,186.0
urn:mavedb:00000835-a-1#748,NA,NA,p.Trp36Tyr,92.0,106.0,141.0,302.0,153.0,296.0
urn:mavedb:00000835-a-1#749,NA,NA,p.Trp35Tyr,14.0,25.0,44.0,101.0,262.0,425.0
urn:mavedb:00000835-a-1#750,NA,NA,p.Asn34Pro,372.0,405.0,590.0,11.0,11.0,29.0
urn:mavedb:00000835-a-1#751,NA,NA,p.Asn34Gln,50.0,57.0,99.0,443.0,131.0,172.0
urn:mavedb:00000835-a-1#752,NA,NA,p.Asn34Arg,361.0,459.0,695.0,1585.0,1168.0,2164.0
urn:mavedb:00000835-a-1#753,NA,NA,p.Asn34Ser,316.0,373.0,540.0,1036.0,1012.0,1123.0
urn:mavedb:00000835-a-1#754,NA,NA,p.Asn34Thr,207.0,157.0,279.0,1007.0,1001.0,764.0
urn:mavedb:00000835-a-1#755,NA,NA,p.Asn34Val,253.0,291.0,470.0,633.0,1236.0,2305.0
urn:mavedb:00000835-a-1#756,NA,NA,p.Asn34Trp,221.0,253.0,435.0,469.0,466.0,897.0
urn:mavedb:00000835-a-1#757,NA,NA,p.Asn34Tyr,72.0,74.0,121.0,153.0,311.0,108.0
urn:mavedb:00000835-a-1#758,NA,NA,p.Pro33Gln,41.0,47.0,88.0,225.0,202.0,79.0
urn:mavedb:00000835-a-1#759,NA,NA,p.Pro33Arg,286.0,284.0,401.0,588.0,330.0,798.0
urn:mavedb:00000835-a-1#760,NA,NA,p.Pro33Ser,69.0,87.0,135.0,121.0,265.0,269.0
urn:mavedb:00000835-a-1#761,NA,NA,p.Pro33Thr,95.0,78.0,134.0,329.0,44.0,210.0
urn:mavedb:00000835-a-1#762,NA,NA,p.Pro33Val,173.0,215.0,366.0,728.0,751.0,574.0
urn:mavedb:00000835-a-1#763,NA,NA,p.Pro33Trp,583.0,556.0,1012.0,417.0,520.0,1146.0
urn:mavedb:00000835-a-1#764,NA,NA,p.Pro33Tyr,28.0,20.0,64.0,99.0,76.0,141.0
urn:mavedb:00000835-a-1#765,NA,NA,p.Asp32Glu,222.0,219.0,369.0,431.0,412.0,199.0
urn:mavedb:00000835-a-1#766,NA,NA,p.Asp32Phe,115.0,148.0,205.0,7.0,17.0,72.0
urn:mavedb:00000835-a-1#767,NA,NA,p.Asp32Gly,1380.0,1581.0,2536.0,3324.0,3635.0,4848.0
urn:mavedb:00000835-a-1#768,NA,NA,p.Asp32His,48.0,64.0,65.0,82.0,149.0,50.0
urn:mavedb:00000835-a-1#769,NA,NA,p.Asp32Ile,24.0,29.0,68.0,0.0,7.0,4.0
urn:mavedb:00000835-a-1#770,NA,NA,p.Asp32Lys,61.0,83.0,104.0,153.0,123.0,72.0
urn:mavedb:00000835-a-1#771,NA,NA,p.Asp32Leu,272.0,284.0,498.0,762.0,375.0,692.0
urn:mavedb:00000835-a-1#772,NA,NA,p.Asp32Met,139.0,140.0,293.0,81.0,237.0,178.0
urn:mavedb:00000835-a-1#773,NA,NA,p.Asp32Asn,358.0,470.0,685.0,937.0,1524.0,2289.0
urn:mavedb:00000835-a-1#774,NA,NA,p.Asp32Pro,53.0,57.0,102.0,77.0,9.0,70.0
urn:mavedb:00000835-a-1#775,NA,NA,p.Asp32Gln,205.0,179.0,353.0,482.0,202.0,779.0
urn:mavedb:00000835-a-1#776,NA,NA,p.Asp32Arg,773.0,908.0,1338.0,934.0,1329.0,1544.0
urn:mavedb:00000835-a-1#777,NA,NA,p.Asp32Ser,589.0,623.0,941.0,1178.0,915.0,1444.0
urn:mavedb:00000835-a-1#778,NA,NA,p.Asp32Thr,513.0,657.0,874.0,509.0,493.0,817.0
urn:mavedb:00000835-a-1#779,NA,NA,p.Asp32Val,336.0,411.0,607.0,26.0,35.0,22.0
urn:mavedb:00000835-a-1#780,NA,NA,p.Asp32Trp,448.0,584.0,730.0,29.0,102.0,115.0
urn:mavedb:00000835-a-1#781,NA,NA,p.Asp32Tyr,556.0,654.0,994.0,78.0,247.0,122.0
urn:mavedb:00000835-a-1#782,NA,NA,p.Ser31Thr,166.0,185.0,268.0,789.0,899.0,427.0
urn:mavedb:00000835-a-1#783,NA,NA,p.Ser31Val,714.0,714.0,1125.0,652.0,1022.0,1354.0
urn:mavedb:00000835-a-1#784,NA,NA,p.Ser31Trp,74.0,61.0,101.0,38.0,12.0,10.0
urn:mavedb:00000835-a-1#785,NA,NA,p.Ser31Tyr,44.0,58.0,86.0,27.0,43.0,81.0
urn:mavedb:00000835-a-1#786,NA,NA,p.Asn30Pro,302.0,280.0,374.0,774.0,491.0,451.0
urn:mavedb:00000835-a-1#787,NA,NA,p.Asn30Gln,74.0,82.0,152.0,306.0,488.0,523.0
urn:mavedb:00000835-a-1#788,NA,NA,p.Asn30Arg,220.0,215.0,364.0,741.0,578.0,1097.0
urn:mavedb:00000835-a-1#789,NA,NA,p.Asn30Ser,631.0,575.0,1067.0,2337.0,1733.0,3852.0
urn:mavedb:00000835-a-1#790,NA,NA,p.Asn30Thr,75.0,127.0,231.0,419.0,470.0,796.0
urn:mavedb:00000835-a-1#791,NA,NA,p.Asn30Val,127.0,145.0,222.0,256.0,499.0,247.0
urn:mavedb:00000835-a-1#792,NA,NA,p.Asn30Trp,123.0,113.0,180.0,492.0,218.0,272.0
urn:mavedb:00000835-a-1#793,NA,NA,p.Asn30Tyr,107.0,122.0,219.0,384.0,405.0,329.0
urn:mavedb:00000835-a-1#794,NA,NA,p.Asp29Glu,350.0,415.0,557.0,1234.0,1126.0,1010.0
urn:mavedb:00000835-a-1#795,NA,NA,p.Asp29Phe,26.0,59.0,89.0,0.0,0.0,4.0
urn:mavedb:00000835-a-1#796,NA,NA,p.Asp29Gly,244.0,220.0,361.0,72.0,129.0,180.0
urn:mavedb:00000835-a-1#797,NA,NA,p.Asp29His,79.0,92.0,130.0,63.0,11.0,46.0
urn:mavedb:00000835-a-1#798,NA,NA,p.Asp29Ile,135.0,186.0,220.0,9.0,7.0,2.0
urn:mavedb:00000835-a-1#799,NA,NA,p.Asp29Lys,27.0,48.0,65.0,13.0,0.0,15.0
urn:mavedb:00000835-a-1#800,NA,NA,p.Asp29Leu,1020.0,1152.0,1703.0,73.0,99.0,140.0
urn:mavedb:00000835-a-1#801,NA,NA,p.Asp29Met,124.0,156.0,189.0,17.0,49.0,46.0
urn:mavedb:00000835-a-1#802,NA,NA,p.Asp29Asn,126.0,170.0,297.0,184.0,325.0,198.0
urn:mavedb:00000835-a-1#803,NA,NA,p.Asp29Pro,97.0,134.0,194.0,4.0,3.0,18.0
urn:mavedb:00000835-a-1#804,NA,NA,p.Asp29Gln,77.0,116.0,165.0,443.0,196.0,230.0
urn:mavedb:00000835-a-1#805,NA,NA,p.Asp29Arg,674.0,701.0,1089.0,114.0,118.0,110.0
urn:mavedb:00000835-a-1#806,NA,NA,p.Asp29Ser,158.0,179.0,204.0,58.0,216.0,162.0
urn:mavedb:00000835-a-1#807,NA,NA,p.Asp29Thr,104.0,98.0,150.0,22.0,44.0,11.0
urn:mavedb:00000835-a-1#808,NA,NA,p.Asp29Val,376.0,434.0,563.0,73.0,54.0,86.0
urn:mavedb:00000835-a-1#809,NA,NA,p.Asp29Trp,320.0,404.0,696.0,70.0,72.0,57.0
urn:mavedb:00000835-a-1#810,NA,NA,p.Asp29Tyr,74.0,68.0,94.0,19.0,30.0,18.0
urn:mavedb:00000835-a-1#811,NA,NA,p.Met28Asn,35.0,40.0,115.0,75.0,142.0,80.0
urn:mavedb:00000835-a-1#812,NA,NA,p.Met28Pro,761.0,824.0,1423.0,37.0,20.0,82.0
urn:mavedb:00000835-a-1#813,NA,NA,p.Met28Gln,133.0,189.0,315.0,209.0,750.0,460.0
urn:mavedb:00000835-a-1#814,NA,NA,p.Met28Arg,366.0,377.0,599.0,672.0,425.0,888.0
urn:mavedb:00000835-a-1#815,NA,NA,p.Met28Ser,153.0,203.0,277.0,375.0,282.0,680.0
urn:mavedb:00000835-a-1#816,NA,NA,p.Met28Thr,547.0,659.0,1043.0,2118.0,2309.0,3426.0
urn:mavedb:00000835-a-1#817,NA,NA,p.Met28Val,1192.0,1376.0,2139.0,4119.0,4658.0,5746.0
urn:mavedb:00000835-a-1#818,NA,NA,p.Met28Trp,740.0,826.0,1413.0,1867.0,1565.0,2076.0
urn:mavedb:00000835-a-1#819,NA,NA,p.Met28Tyr,28.0,60.0,87.0,101.0,165.0,50.0
urn:mavedb:00000835-a-1#820,NA,NA,p.Val27Trp,212.0,246.0,350.0,1.0,6.0,16.0
urn:mavedb:00000835-a-1#821,NA,NA,p.Val27Tyr,100.0,112.0,138.0,3.0,1.0,2.0
urn:mavedb:00000835-a-1#822,NA,NA,p.His26Ile,61.0,66.0,63.0,233.0,57.0,148.0
urn:mavedb:00000835-a-1#823,NA,NA,p.His26Lys,146.0,168.0,217.0,416.0,397.0,500.0
urn:mavedb:00000835-a-1#824,NA,NA,p.His26Leu,2273.0,2601.0,4054.0,8218.0,8362.0,9164.0
urn:mavedb:00000835-a-1#825,NA,NA,p.His26Met,258.0,327.0,476.0,856.0,1095.0,1027.0
urn:mavedb:00000835-a-1#826,NA,NA,p.His26Asn,284.0,418.0,517.0,1405.0,933.0,1709.0
urn:mavedb:00000835-a-1#827,NA,NA,p.His26Pro,666.0,626.0,1064.0,12.0,37.0,20.0
urn:mavedb:00000835-a-1#828,NA,NA,p.His26Gln,255.0,241.0,402.0,1419.0,1225.0,1917.0
urn:mavedb:00000835-a-1#829,NA,NA,p.His26Arg,784.0,874.0,1212.0,3081.0,2117.0,3116.0
urn:mavedb:00000835-a-1#830,NA,NA,p.His26Ser,1276.0,1476.0,2323.0,3785.0,3602.0,6511.0
urn:mavedb:00000835-a-1#831,NA,NA,p.His26Thr,606.0,760.0,1119.0,2558.0,3044.0,3239.0
urn:mavedb:00000835-a-1#832,NA,NA,p.His26Val,346.0,418.0,623.0,1110.0,1193.0,1629.0
urn:mavedb:00000835-a-1#833,NA,NA,p.His26Trp,604.0,674.0,998.0,1417.0,1445.0,2259.0
urn:mavedb:00000835-a-1#834,NA,NA,p.His26Tyr,234.0,273.0,419.0,593.0,874.0,965.0
urn:mavedb:00000835-a-1#835,NA,NA,p.Ile25Lys,81.0,105.0,119.0,2.0,3.0,2.0
urn:mavedb:00000835-a-1#836,NA,NA,p.Ile25Leu,950.0,1102.0,1681.0,728.0,580.0,986.0
urn:mavedb:00000835-a-1#837,NA,NA,p.Ile25Met,116.0,116.0,193.0,7.0,4.0,5.0
urn:mavedb:00000835-a-1#838,NA,NA,p.Ile25Asn,70.0,78.0,107.0,3.0,4.0,2.0
urn:mavedb:00000835-a-1#839,NA,NA,p.Ile25Pro,146.0,143.0,315.0,9.0,1.0,1.0
urn:mavedb:00000835-a-1#840,NA,NA,p.Ile25Gln,69.0,82.0,124.0,1.0,1.0,1.0
urn:mavedb:00000835-a-1#841,NA,NA,p.Ile25Arg,1189.0,1334.0,2098.0,34.0,51.0,32.0
urn:mavedb:00000835-a-1#842,NA,NA,p.Ile25Ser,308.0,359.0,603.0,8.0,42.0,28.0
urn:mavedb:00000835-a-1#843,NA,NA,p.Ile25Thr,152.0,224.0,231.0,5.0,13.0,5.0
urn:mavedb:00000835-a-1#844,NA,NA,p.Ile25Val,247.0,208.0,326.0,214.0,273.0,381.0
urn:mavedb:00000835-a-1#845,NA,NA,p.Ile25Trp,163.0,226.0,256.0,0.0,7.0,4.0
urn:mavedb:00000835-a-1#846,NA,NA,p.Ile25Tyr,75.0,67.0,105.0,1.0,2.0,8.0
urn:mavedb:00000835-a-1#847,NA,NA,p.Phe24Gly,179.0,173.0,233.0,37.0,13.0,19.0
urn:mavedb:00000835-a-1#848,NA,NA,p.Phe24His,52.0,62.0,61.0,115.0,213.0,75.0
urn:mavedb:00000835-a-1#849,NA,NA,p.Phe24Ile,100.0,137.0,179.0,522.0,490.0,325.0
urn:mavedb:00000835-a-1#850,NA,NA,p.Phe24Lys,397.0,470.0,732.0,1520.0,1849.0,2051.0
urn:mavedb:00000835-a-1#851,NA,NA,p.Phe24Leu,850.0,931.0,1465.0,3006.0,3271.0,5307.0
urn:mavedb:00000835-a-1#852,NA,NA,p.Phe24Met,205.0,248.0,359.0,684.0,523.0,1093.0
urn:mavedb:00000835-a-1#853,NA,NA,p.Phe24Asn,42.0,64.0,120.0,85.0,168.0,42.0
urn:mavedb:00000835-a-1#854,NA,NA,p.Phe24Pro,619.0,625.0,834.0,198.0,93.0,164.0
urn:mavedb:00000835-a-1#855,NA,NA,p.Phe24Gln,68.0,63.0,88.0,101.0,106.0,658.0
urn:mavedb:00000835-a-1#856,NA,NA,p.Phe24Arg,514.0,599.0,851.0,1471.0,1578.0,1589.0
urn:mavedb:00000835-a-1#857,NA,NA,p.Phe24Ser,168.0,205.0,262.0,215.0,544.0,204.0
urn:mavedb:00000835-a-1#858,NA,NA,p.Phe24Thr,121.0,129.0,231.0,391.0,241.0,1348.0
urn:mavedb:00000835-a-1#859,NA,NA,p.Phe24Val,695.0,819.0,1212.0,2388.0,3281.0,3400.0
urn:mavedb:00000835-a-1#860,NA,NA,p.Phe24Trp,498.0,567.0,928.0,1199.0,2333.0,2331.0
urn:mavedb:00000835-a-1#861,NA,NA,p.Phe24Tyr,104.0,108.0,189.0,274.0,199.0,343.0
urn:mavedb:00000835-a-1#862,NA,NA,p.Asp23Glu,80.0,93.0,123.0,216.0,146.0,156.0
urn:mavedb:00000835-a-1#863,NA,NA,p.Asp23Phe,12.0,32.0,72.0,0.0,0.0,7.0
urn:mavedb:00000835-a-1#864,NA,NA,p.Asp23Gly,664.0,633.0,1060.0,21.0,23.0,32.0
urn:mavedb:00000835-a-1#865,NA,NA,p.Asp23His,56.0,60.0,61.0,33.0,2.0,1.0
urn:mavedb:00000835-a-1#866,NA,NA,p.Asp23Ile,193.0,197.0,311.0,10.0,3.0,4.0
urn:mavedb:00000835-a-1#867,NA,NA,p.Asp23Lys,117.0,115.0,278.0,0.0,2.0,5.0
urn:mavedb:00000835-a-1#868,NA,NA,p.Asp23Leu,300.0,404.0,563.0,3.0,5.0,8.0
urn:mavedb:00000835-a-1#869,NA,NA,p.Asp23Met,819.0,1047.0,1582.0,454.0,541.0,1002.0
urn:mavedb:00000835-a-1#870,NA,NA,p.Asp23Asn,49.0,54.0,65.0,5.0,56.0,34.0
urn:mavedb:00000835-a-1#871,NA,NA,p.Asp23Pro,950.0,1030.0,1600.0,20.0,22.0,22.0
urn:mavedb:00000835-a-1#872,NA,NA,p.Asp23Gln,135.0,153.0,214.0,179.0,80.0,160.0
urn:mavedb:00000835-a-1#873,NA,NA,p.Asp23Arg,1154.0,1280.0,1869.0,66.0,29.0,37.0
urn:mavedb:00000835-a-1#874,NA,NA,p.Asp23Ser,212.0,223.0,310.0,46.0,32.0,90.0
urn:mavedb:00000835-a-1#875,NA,NA,p.Asp23Thr,326.0,369.0,576.0,207.0,197.0,195.0
urn:mavedb:00000835-a-1#876,NA,NA,p.Asp23Val,795.0,884.0,1526.0,24.0,42.0,21.0
urn:mavedb:00000835-a-1#877,NA,NA,p.Asp23Trp,181.0,200.0,296.0,172.0,70.0,228.0
urn:mavedb:00000835-a-1#878,NA,NA,p.Asp23Tyr,156.0,216.0,352.0,11.0,7.0,71.0
urn:mavedb:00000835-a-1#879,NA,NA,p.Gly22His,56.0,48.0,73.0,32.0,3.0,29.0
urn:mavedb:00000835-a-1#880,NA,NA,p.Gly22Ile,52.0,42.0,82.0,1.0,1.0,1.0
urn:mavedb:00000835-a-1#881,NA,NA,p.Gly22Lys,571.0,750.0,986.0,127.0,182.0,414.0
urn:mavedb:00000835-a-1#882,NA,NA,p.Gly22Leu,905.0,995.0,1480.0,272.0,366.0,517.0
urn:mavedb:00000835-a-1#883,NA,NA,p.Gly22Met,282.0,334.0,452.0,127.0,199.0,68.0
urn:mavedb:00000835-a-1#884,NA,NA,p.Gly22Asn,78.0,63.0,136.0,233.0,12.0,128.0
urn:mavedb:00000835-a-1#885,NA,NA,p.Gly22Pro,604.0,640.0,973.0,61.0,12.0,13.0
urn:mavedb:00000835-a-1#886,NA,NA,p.Gly22Gln,151.0,201.0,265.0,139.0,163.0,12.0
urn:mavedb:00000835-a-1#887,NA,NA,p.Gly22Arg,1642.0,1954.0,2890.0,408.0,282.0,334.0
urn:mavedb:00000835-a-1#888,NA,NA,p.Gly22Ser,337.0,409.0,579.0,308.0,49.0,174.0
urn:mavedb:00000835-a-1#889,NA,NA,p.Gly22Thr,128.0,132.0,241.0,26.0,10.0,21.0
urn:mavedb:00000835-a-1#890,NA,NA,p.Gly22Val,232.0,264.0,467.0,8.0,3.0,60.0
urn:mavedb:00000835-a-1#891,NA,NA,p.Gly22Trp,376.0,392.0,565.0,180.0,272.0,233.0
urn:mavedb:00000835-a-1#892,NA,NA,p.Gly22Tyr,70.0,103.0,127.0,19.0,52.0,53.0
urn:mavedb:00000835-a-1#893,NA,NA,p.Arg21Ser,497.0,575.0,907.0,1392.0,1454.0,1357.0
urn:mavedb:00000835-a-1#894,NA,NA,p.Arg21Thr,219.0,160.0,271.0,414.0,257.0,277.0
urn:mavedb:00000835-a-1#895,NA,NA,p.Arg21Val,200.0,234.0,350.0,376.0,455.0,649.0
urn:mavedb:00000835-a-1#896,NA,NA,p.Arg21Trp,204.0,192.0,367.0,46.0,90.0,18.0
urn:mavedb:00000835-a-1#897,NA,NA,p.Arg21Tyr,111.0,150.0,243.0,45.0,154.0,85.0
urn:mavedb:00000835-a-1#898,NA,NA,p.Arg20Ser,529.0,645.0,991.0,1052.0,2015.0,2158.0
urn:mavedb:00000835-a-1#899,NA,NA,p.Arg20Thr,882.0,976.0,1461.0,1900.0,2162.0,3356.0
urn:mavedb:00000835-a-1#900,NA,NA,p.Arg20Val,1330.0,1432.0,2374.0,2350.0,2769.0,3413.0
urn:mavedb:00000835-a-1#901,NA,NA,p.Arg20Trp,207.0,276.0,465.0,94.0,252.0,393.0
urn:mavedb:00000835-a-1#902,NA,NA,p.Arg20Tyr,41.0,61.0,83.0,22.0,24.0,309.0
urn:mavedb:00000835-a-1#903,NA,NA,p.Phe19Gly,278.0,277.0,442.0,7.0,6.0,42.0
urn:mavedb:00000835-a-1#904,NA,NA,p.Phe19His,55.0,44.0,56.0,1.0,0.0,2.0
urn:mavedb:00000835-a-1#905,NA,NA,p.Phe19Ile,126.0,193.0,265.0,109.0,37.0,133.0
urn:mavedb:00000835-a-1#906,NA,NA,p.Phe19Lys,122.0,145.0,216.0,5.0,16.0,4.0
urn:mavedb:00000835-a-1#907,NA,NA,p.Phe19Leu,401.0,482.0,794.0,548.0,217.0,646.0
urn:mavedb:00000835-a-1#908,NA,NA,p.Phe19Met,136.0,220.0,261.0,27.0,55.0,151.0
urn:mavedb:00000835-a-1#909,NA,NA,p.Phe19Asn,234.0,234.0,398.0,24.0,17.0,7.0
urn:mavedb:00000835-a-1#910,NA,NA,p.Phe19Pro,244.0,232.0,462.0,6.0,11.0,12.0
urn:mavedb:00000835-a-1#911,NA,NA,p.Phe19Gln,65.0,112.0,124.0,7.0,1.0,1.0
urn:mavedb:00000835-a-1#912,NA,NA,p.Phe19Arg,617.0,684.0,1068.0,4.0,19.0,66.0
urn:mavedb:00000835-a-1#913,NA,NA,p.Phe19Ser,359.0,296.0,534.0,9.0,8.0,13.0
urn:mavedb:00000835-a-1#914,NA,NA,p.Phe19Thr,75.0,106.0,186.0,3.0,4.0,4.0
urn:mavedb:00000835-a-1#915,NA,NA,p.Phe19Val,228.0,286.0,420.0,37.0,5.0,27.0
urn:mavedb:00000835-a-1#916,NA,NA,p.Phe19Trp,1017.0,1128.0,1608.0,23.0,29.0,23.0
urn:mavedb:00000835-a-1#917,NA,NA,p.Phe19Tyr,329.0,384.0,697.0,7.0,12.0,73.0
urn:mavedb:00000835-a-1#918,NA,NA,p.Gly18His,10.0,22.0,63.0,54.0,12.0,194.0
urn:mavedb:00000835-a-1#919,NA,NA,p.Gly18Ile,340.0,406.0,591.0,574.0,423.0,868.0
urn:mavedb:00000835-a-1#920,NA,NA,p.Gly18Lys,118.0,130.0,219.0,565.0,477.0,414.0
urn:mavedb:00000835-a-1#921,NA,NA,p.Gly18Leu,619.0,861.0,1268.0,1533.0,1530.0,2500.0
urn:mavedb:00000835-a-1#922,NA,NA,p.Gly18Met,203.0,233.0,305.0,556.0,419.0,882.0
urn:mavedb:00000835-a-1#923,NA,NA,p.Gly18Asn,14.0,34.0,38.0,19.0,54.0,77.0
urn:mavedb:00000835-a-1#924,NA,NA,p.Gly18Pro,195.0,244.0,366.0,997.0,363.0,1115.0
urn:mavedb:00000835-a-1#925,NA,NA,p.Gly18Gln,81.0,98.0,154.0,803.0,270.0,223.0
urn:mavedb:00000835-a-1#926,NA,NA,p.Gly18Arg,207.0,275.0,393.0,736.0,994.0,739.0
urn:mavedb:00000835-a-1#927,NA,NA,p.Gly18Ser,234.0,273.0,369.0,937.0,1136.0,759.0
urn:mavedb:00000835-a-1#928,NA,NA,p.Gly18Thr,177.0,232.0,335.0,728.0,363.0,663.0
urn:mavedb:00000835-a-1#929,NA,NA,p.Gly18Val,489.0,523.0,804.0,565.0,792.0,920.0
urn:mavedb:00000835-a-1#930,NA,NA,p.Gly18Trp,166.0,135.0,235.0,643.0,463.0,499.0
urn:mavedb:00000835-a-1#931,NA,NA,p.Gly18Tyr,30.0,42.0,75.0,100.0,63.0,143.0
urn:mavedb:00000835-a-1#932,NA,NA,p.Leu17Met,64.0,46.0,105.0,37.0,57.0,188.0
urn:mavedb:00000835-a-1#933,NA,NA,p.Leu17Asn,69.0,97.0,160.0,1.0,0.0,9.0
urn:mavedb:00000835-a-1#934,NA,NA,p.Leu17Pro,509.0,567.0,902.0,13.0,11.0,11.0
urn:mavedb:00000835-a-1#935,NA,NA,p.Leu17Gln,47.0,54.0,70.0,0.0,0.0,2.0
urn:mavedb:00000835-a-1#936,NA,NA,p.Leu17Arg,944.0,1024.0,1636.0,63.0,37.0,55.0
urn:mavedb:00000835-a-1#937,NA,NA,p.Leu17Ser,186.0,229.0,382.0,12.0,3.0,12.0
urn:mavedb:00000835-a-1#938,NA,NA,p.Leu17Thr,474.0,516.0,812.0,9.0,24.0,10.0
urn:mavedb:00000835-a-1#939,NA,NA,p.Leu17Val,1402.0,1707.0,2481.0,1479.0,2027.0,2689.0
urn:mavedb:00000835-a-1#940,NA,NA,p.Leu17Trp,274.0,344.0,475.0,108.0,75.0,89.0
urn:mavedb:00000835-a-1#941,NA,NA,p.Leu17Tyr,326.0,358.0,576.0,19.0,7.0,9.0
urn:mavedb:00000835-a-1#942,NA,NA,p.Glu16Phe,31.0,62.0,74.0,120.0,130.0,202.0
urn:mavedb:00000835-a-1#943,NA,NA,p.Glu16Gly,525.0,554.0,822.0,1720.0,1504.0,2018.0
urn:mavedb:00000835-a-1#944,NA,NA,p.Glu16His,93.0,102.0,159.0,391.0,562.0,425.0
urn:mavedb:00000835-a-1#945,NA,NA,p.Glu16Ile,246.0,287.0,477.0,167.0,311.0,646.0
urn:mavedb:00000835-a-1#946,NA,NA,p.Glu16Lys,86.0,136.0,206.0,227.0,516.0,844.0
urn:mavedb:00000835-a-1#947,NA,NA,p.Glu16Leu,899.0,1043.0,1779.0,2950.0,3190.0,5701.0
urn:mavedb:00000835-a-1#948,NA,NA,p.Glu16Met,363.0,448.0,672.0,1265.0,2035.0,2394.0
urn:mavedb:00000835-a-1#949,NA,NA,p.Glu16Asn,52.0,59.0,63.0,56.0,76.0,73.0
urn:mavedb:00000835-a-1#950,NA,NA,p.Glu16Pro,98.0,80.0,218.0,7.0,4.0,7.0
urn:mavedb:00000835-a-1#951,NA,NA,p.Glu16Gln,174.0,230.0,359.0,633.0,742.0,1323.0
urn:mavedb:00000835-a-1#952,NA,NA,p.Glu16Arg,1449.0,1561.0,2452.0,3577.0,5437.0,7269.0
urn:mavedb:00000835-a-1#953,NA,NA,p.Glu16Ser,329.0,311.0,516.0,439.0,979.0,758.0
urn:mavedb:00000835-a-1#954,NA,NA,p.Glu16Thr,863.0,903.0,1355.0,1465.0,2503.0,2780.0
urn:mavedb:00000835-a-1#955,NA,NA,p.Glu16Val,756.0,843.0,1404.0,1552.0,1890.0,1888.0
urn:mavedb:00000835-a-1#956,NA,NA,p.Glu16Trp,183.0,240.0,336.0,345.0,794.0,630.0
urn:mavedb:00000835-a-1#957,NA,NA,p.Glu16Tyr,38.0,71.0,90.0,183.0,250.0,250.0
urn:mavedb:00000835-a-1#958,NA,NA,p.Gly15His,27.0,33.0,55.0,296.0,41.0,111.0
urn:mavedb:00000835-a-1#959,NA,NA,p.Gly15Ile,23.0,21.0,64.0,42.0,0.0,110.0
urn:mavedb:00000835-a-1#960,NA,NA,p.Gly15Lys,49.0,70.0,91.0,172.0,208.0,162.0
urn:mavedb:00000835-a-1#961,NA,NA,p.Gly15Leu,195.0,229.0,393.0,323.0,222.0,170.0
urn:mavedb:00000835-a-1#962,NA,NA,p.Gly15Met,85.0,90.0,111.0,123.0,118.0,62.0
urn:mavedb:00000835-a-1#963,NA,NA,p.Gly15Asn,678.0,773.0,1079.0,1772.0,1563.0,3062.0
urn:mavedb:00000835-a-1#964,NA,NA,p.Gly15Pro,185.0,196.0,361.0,26.0,26.0,10.0
urn:mavedb:00000835-a-1#965,NA,NA,p.Gly15Gln,51.0,74.0,67.0,32.0,43.0,104.0
urn:mavedb:00000835-a-1#966,NA,NA,p.Gly15Arg,129.0,201.0,321.0,551.0,587.0,396.0
urn:mavedb:00000835-a-1#967,NA,NA,p.Gly15Ser,890.0,1064.0,1515.0,2609.0,2667.0,3547.0
urn:mavedb:00000835-a-1#968,NA,NA,p.Gly15Thr,159.0,201.0,319.0,275.0,267.0,556.0
urn:mavedb:00000835-a-1#969,NA,NA,p.Gly15Val,858.0,918.0,1343.0,1848.0,1620.0,2167.0
urn:mavedb:00000835-a-1#970,NA,NA,p.Gly15Trp,1516.0,1833.0,2617.0,4346.0,4337.0,6031.0
urn:mavedb:00000835-a-1#971,NA,NA,p.Gly15Tyr,88.0,111.0,172.0,254.0,230.0,283.0
urn:mavedb:00000835-a-1#972,NA,NA,p.Asp14Glu,55.0,36.0,49.0,327.0,33.0,127.0
urn:mavedb:00000835-a-1#973,NA,NA,p.Asp14Phe,263.0,308.0,573.0,608.0,256.0,862.0
urn:mavedb:00000835-a-1#974,NA,NA,p.Asp14Gly,194.0,288.0,437.0,785.0,451.0,388.0
urn:mavedb:00000835-a-1#975,NA,NA,p.Asp14His,43.0,64.0,102.0,57.0,236.0,113.0
urn:mavedb:00000835-a-1#976,NA,NA,p.Asp14Ile,62.0,61.0,87.0,254.0,258.0,251.0
urn:mavedb:00000835-a-1#977,NA,NA,p.Asp14Lys,64.0,66.0,100.0,202.0,171.0,82.0
urn:mavedb:00000835-a-1#978,NA,NA,p.Asp14Leu,220.0,206.0,324.0,596.0,208.0,432.0
urn:mavedb:00000835-a-1#979,NA,NA,p.Asp14Met,58.0,70.0,107.0,209.0,194.0,123.0
urn:mavedb:00000835-a-1#980,NA,NA,p.Asp14Asn,35.0,31.0,95.0,143.0,46.0,46.0
urn:mavedb:00000835-a-1#981,NA,NA,p.Asp14Pro,92.0,82.0,110.0,201.0,260.0,367.0
urn:mavedb:00000835-a-1#982,NA,NA,p.Asp14Gln,39.0,78.0,85.0,188.0,67.0,48.0
urn:mavedb:00000835-a-1#983,NA,NA,p.Asp14Arg,204.0,193.0,461.0,495.0,500.0,631.0
urn:mavedb:00000835-a-1#984,NA,NA,p.Asp14Ser,298.0,349.0,511.0,1218.0,1227.0,914.0
urn:mavedb:00000835-a-1#985,NA,NA,p.Asp14Thr,64.0,75.0,164.0,169.0,125.0,85.0
urn:mavedb:00000835-a-1#986,NA,NA,p.Asp14Val,159.0,164.0,250.0,288.0,406.0,676.0
urn:mavedb:00000835-a-1#987,NA,NA,p.Asp14Trp,202.0,211.0,400.0,220.0,261.0,170.0
urn:mavedb:00000835-a-1#988,NA,NA,p.Asp14Tyr,47.0,42.0,73.0,62.0,5.0,36.0
urn:mavedb:00000835-a-1#989,NA,NA,p.Glu13Phe,134.0,145.0,245.0,180.0,396.0,483.0
urn:mavedb:00000835-a-1#990,NA,NA,p.Glu13Gly,411.0,462.0,724.0,1295.0,1448.0,2118.0
urn:mavedb:00000835-a-1#991,NA,NA,p.Glu13His,21.0,48.0,62.0,152.0,162.0,98.0
urn:mavedb:00000835-a-1#992,NA,NA,p.Glu13Ile,29.0,16.0,35.0,46.0,9.0,21.0
urn:mavedb:00000835-a-1#993,NA,NA,p.Glu13Lys,24.0,34.0,80.0,124.0,40.0,403.0
urn:mavedb:00000835-a-1#994,NA,NA,p.Glu13Leu,210.0,254.0,415.0,628.0,609.0,698.0
urn:mavedb:00000835-a-1#995,NA,NA,p.Glu13Met,191.0,165.0,279.0,812.0,657.0,485.0
urn:mavedb:00000835-a-1#996,NA,NA,p.Glu13Asn,62.0,93.0,103.0,243.0,92.0,153.0
urn:mavedb:00000835-a-1#997,NA,NA,p.Glu13Pro,225.0,325.0,375.0,273.0,98.0,68.0
urn:mavedb:00000835-a-1#998,NA,NA,p.Glu13Gln,105.0,135.0,207.0,445.0,263.0,432.0
urn:mavedb:00000835-a-1#999,NA,NA,p.Glu13Arg,516.0,600.0,899.0,2101.0,1784.0,2667.0
urn:mavedb:00000835-a-1#1000,NA,NA,p.Glu13Ser,317.0,394.0,560.0,1061.0,937.0,1208.0
urn:mavedb:00000835-a-1#1001,NA,NA,p.Glu13Thr,34.0,29.0,62.0,133.0,68.0,64.0
urn:mavedb:00000835-a-1#1002,NA,NA,p.Glu13Val,364.0,393.0,643.0,826.0,968.0,875.0
urn:mavedb:00000835-a-1#1003,NA,NA,p.Glu13Trp,211.0,209.0,391.0,263.0,262.0,428.0
urn:mavedb:00000835-a-1#1004,NA,NA,p.Glu13Tyr,90.0,108.0,144.0,320.0,302.0,191.0
urn:mavedb:00000835-a-1#1005,NA,NA,p.Gln12Arg,88.0,118.0,210.0,675.0,440.0,648.0
urn:mavedb:00000835-a-1#1006,NA,NA,p.Gln12Ser,471.0,610.0,855.0,2275.0,1795.0,1463.0
urn:mavedb:00000835-a-1#1007,NA,NA,p.Gln12Thr,85.0,91.0,159.0,478.0,238.0,225.0
urn:mavedb:00000835-a-1#1008,NA,NA,p.Gln12Val,134.0,142.0,250.0,132.0,233.0,399.0
urn:mavedb:00000835-a-1#1009,NA,NA,p.Gln12Trp,63.0,78.0,134.0,149.0,40.0,151.0
urn:mavedb:00000835-a-1#1010,NA,NA,p.Gln12Tyr,16.0,35.0,60.0,25.0,84.0,74.0
urn:mavedb:00000835-a-1#1011,NA,NA,p.Pro11Gln,26.0,21.0,33.0,31.0,1.0,2.0
urn:mavedb:00000835-a-1#1012,NA,NA,p.Pro11Arg,110.0,128.0,176.0,37.0,155.0,62.0
urn:mavedb:00000835-a-1#1013,NA,NA,p.Pro11Ser,177.0,243.0,288.0,282.0,526.0,515.0
urn:mavedb:00000835-a-1#1014,NA,NA,p.Pro11Thr,36.0,26.0,67.0,68.0,156.0,262.0
urn:mavedb:00000835-a-1#1015,NA,NA,p.Pro11Val,71.0,79.0,123.0,45.0,33.0,10.0
urn:mavedb:00000835-a-1#1016,NA,NA,p.Pro11Trp,79.0,97.0,120.0,6.0,0.0,6.0
urn:mavedb:00000835-a-1#1017,NA,NA,p.Pro11Tyr,15.0,8.0,27.0,2.0,0.0,1.0
urn:mavedb:00000835-a-1#1018,NA,NA,p.Asp10Glu,378.0,454.0,679.0,1712.0,2107.0,1978.0
urn:mavedb:00000835-a-1#1019,NA,NA,p.Asp10Phe,50.0,51.0,74.0,72.0,195.0,61.0
urn:mavedb:00000835-a-1#1020,NA,NA,p.Asp10Gly,361.0,452.0,606.0,496.0,331.0,229.0
urn:mavedb:00000835-a-1#1021,NA,NA,p.Asp10His,44.0,46.0,61.0,61.0,105.0,109.0
urn:mavedb:00000835-a-1#1022,NA,NA,p.Asp10Ile,110.0,116.0,194.0,248.0,298.0,292.0
urn:mavedb:00000835-a-1#1023,NA,NA,p.Asp10Lys,84.0,90.0,149.0,211.0,316.0,393.0
urn:mavedb:00000835-a-1#1024,NA,NA,p.Asp10Leu,326.0,444.0,623.0,283.0,296.0,452.0
urn:mavedb:00000835-a-1#1025,NA,NA,p.Asp10Met,474.0,457.0,795.0,1521.0,1548.0,1810.0
urn:mavedb:00000835-a-1#1026,NA,NA,p.Asp10Asn,204.0,267.0,381.0,893.0,1262.0,996.0
urn:mavedb:00000835-a-1#1027,NA,NA,p.Asp10Pro,143.0,228.0,333.0,106.0,70.0,208.0
urn:mavedb:00000835-a-1#1028,NA,NA,p.Asp10Gln,34.0,44.0,92.0,86.0,63.0,414.0
urn:mavedb:00000835-a-1#1029,NA,NA,p.Asp10Arg,249.0,320.0,559.0,694.0,601.0,1517.0
urn:mavedb:00000835-a-1#1030,NA,NA,p.Asp10Ser,488.0,603.0,964.0,818.0,1161.0,2937.0
urn:mavedb:00000835-a-1#1031,NA,NA,p.Asp10Thr,194.0,254.0,371.0,730.0,1129.0,943.0
urn:mavedb:00000835-a-1#1032,NA,NA,p.Asp10Val,261.0,312.0,645.0,579.0,439.0,1393.0
urn:mavedb:00000835-a-1#1033,NA,NA,p.Asp10Trp,407.0,444.0,811.0,819.0,1119.0,1343.0
urn:mavedb:00000835-a-1#1034,NA,NA,p.Asp10Tyr,141.0,194.0,329.0,456.0,513.0,546.0
urn:mavedb:00000835-a-1#1035,NA,NA,p.Phe9Gly,174.0,217.0,385.0,13.0,9.0,61.0
urn:mavedb:00000835-a-1#1036,NA,NA,p.Phe9His,20.0,26.0,40.0,20.0,72.0,362.0
urn:mavedb:00000835-a-1#1037,NA,NA,p.Phe9Ile,35.0,36.0,63.0,9.0,12.0,15.0
urn:mavedb:00000835-a-1#1038,NA,NA,p.Phe9Lys,39.0,49.0,59.0,99.0,33.0,40.0
urn:mavedb:00000835-a-1#1039,NA,NA,p.Phe9Leu,209.0,224.0,361.0,413.0,192.0,795.0
urn:mavedb:00000835-a-1#1040,NA,NA,p.Phe9Met,82.0,95.0,164.0,200.0,59.0,225.0
urn:mavedb:00000835-a-1#1041,NA,NA,p.Phe9Asn,10.0,9.0,32.0,0.0,3.0,13.0
urn:mavedb:00000835-a-1#1042,NA,NA,p.Phe9Pro,64.0,63.0,99.0,3.0,27.0,4.0
urn:mavedb:00000835-a-1#1043,NA,NA,p.Phe9Gln,38.0,53.0,121.0,8.0,38.0,116.0
urn:mavedb:00000835-a-1#1044,NA,NA,p.Phe9Arg,175.0,244.0,371.0,910.0,560.0,915.0
urn:mavedb:00000835-a-1#1045,NA,NA,p.Phe9Ser,113.0,146.0,203.0,211.0,164.0,184.0
urn:mavedb:00000835-a-1#1046,NA,NA,p.Phe9Thr,38.0,43.0,89.0,4.0,5.0,52.0
urn:mavedb:00000835-a-1#1047,NA,NA,p.Phe9Val,1130.0,1248.0,1984.0,1227.0,921.0,1073.0
urn:mavedb:00000835-a-1#1048,NA,NA,p.Phe9Trp,239.0,245.0,447.0,615.0,466.0,433.0
urn:mavedb:00000835-a-1#1049,NA,NA,p.Phe9Tyr,20.0,23.0,33.0,97.0,39.0,91.0
urn:mavedb:00000835-a-1#1050,NA,NA,p.Asp8Glu,100.0,96.0,162.0,5.0,17.0,51.0
urn:mavedb:00000835-a-1#1051,NA,NA,p.Asp8Phe,23.0,30.0,49.0,1.0,0.0,0.0
urn:mavedb:00000835-a-1#1052,NA,NA,p.Asp8Gly,505.0,621.0,922.0,307.0,154.0,301.0
urn:mavedb:00000835-a-1#1053,NA,NA,p.Asp8His,31.0,59.0,61.0,6.0,62.0,10.0
urn:mavedb:00000835-a-1#1054,NA,NA,p.Asp8Ile,41.0,51.0,67.0,0.0,4.0,0.0
urn:mavedb:00000835-a-1#1055,NA,NA,p.Asp8Lys,48.0,62.0,83.0,0.0,1.0,15.0
urn:mavedb:00000835-a-1#1056,NA,NA,p.Asp8Leu,177.0,233.0,294.0,18.0,34.0,6.0
urn:mavedb:00000835-a-1#1057,NA,NA,p.Asp8Met,640.0,696.0,1054.0,17.0,17.0,21.0
urn:mavedb:00000835-a-1#1058,NA,NA,p.Asp8Asn,171.0,212.0,338.0,369.0,740.0,737.0
urn:mavedb:00000835-a-1#1059,NA,NA,p.Asp8Pro,58.0,48.0,85.0,58.0,0.0,18.0
urn:mavedb:00000835-a-1#1060,NA,NA,p.Asp8Gln,51.0,58.0,95.0,18.0,99.0,38.0
urn:mavedb:00000835-a-1#1061,NA,NA,p.Asp8Arg,383.0,395.0,615.0,35.0,43.0,72.0
urn:mavedb:00000835-a-1#1062,NA,NA,p.Asp8Ser,287.0,296.0,471.0,464.0,339.0,389.0
urn:mavedb:00000835-a-1#1063,NA,NA,p.Asp8Thr,46.0,36.0,99.0,211.0,22.0,47.0
urn:mavedb:00000835-a-1#1064,NA,NA,p.Asp8Val,452.0,552.0,769.0,10.0,17.0,18.0
urn:mavedb:00000835-a-1#1065,NA,NA,p.Asp8Trp,149.0,146.0,286.0,1.0,5.0,12.0
urn:mavedb:00000835-a-1#1066,NA,NA,p.Asp8Tyr,99.0,156.0,224.0,8.0,2.0,2.0
urn:mavedb:00000835-a-1#1067,NA,NA,p.Phe7Gly,111.0,141.0,256.0,196.0,127.0,335.0
urn:mavedb:00000835-a-1#1068,NA,NA,p.Phe7His,25.0,13.0,43.0,145.0,17.0,440.0
urn:mavedb:00000835-a-1#1069,NA,NA,p.Phe7Ile,25.0,27.0,51.0,129.0,82.0,332.0
urn:mavedb:00000835-a-1#1070,NA,NA,p.Phe7Lys,352.0,420.0,724.0,2364.0,2463.0,2588.0
urn:mavedb:00000835-a-1#1071,NA,NA,p.Phe7Leu,938.0,1180.0,1799.0,4001.0,3984.0,4922.0
urn:mavedb:00000835-a-1#1072,NA,NA,p.Phe7Met,77.0,87.0,113.0,141.0,384.0,221.0
urn:mavedb:00000835-a-1#1073,NA,NA,p.Phe7Asn,32.0,41.0,27.0,58.0,57.0,26.0
urn:mavedb:00000835-a-1#1074,NA,NA,p.Phe7Pro,64.0,72.0,63.0,2.0,1.0,0.0
urn:mavedb:00000835-a-1#1075,NA,NA,p.Phe7Gln,50.0,71.0,80.0,216.0,449.0,411.0
urn:mavedb:00000835-a-1#1076,NA,NA,p.Phe7Arg,343.0,444.0,667.0,1870.0,2541.0,2921.0
urn:mavedb:00000835-a-1#1077,NA,NA,p.Phe7Ser,399.0,503.0,733.0,1309.0,1338.0,1056.0
urn:mavedb:00000835-a-1#1078,NA,NA,p.Phe7Thr,85.0,113.0,168.0,417.0,477.0,509.0
urn:mavedb:00000835-a-1#1079,NA,NA,p.Phe7Val,682.0,791.0,1112.0,2771.0,3457.0,4094.0
urn:mavedb:00000835-a-1#1080,NA,NA,p.Phe7Trp,178.0,168.0,324.0,470.0,209.0,579.0
urn:mavedb:00000835-a-1#1081,NA,NA,p.Phe7Tyr,47.0,36.0,58.0,328.0,167.0,36.0
urn:mavedb:00000835-a-1#1082,NA,NA,p.Leu6Met,504.0,647.0,917.0,1899.0,2424.0,2392.0
urn:mavedb:00000835-a-1#1083,NA,NA,p.Leu6Asn,22.0,19.0,43.0,71.0,17.0,0.0
urn:mavedb:00000835-a-1#1084,NA,NA,p.Leu6Pro,225.0,253.0,370.0,3.0,7.0,7.0
urn:mavedb:00000835-a-1#1085,NA,NA,p.Leu6Gln,410.0,528.0,748.0,860.0,1488.0,1536.0
urn:mavedb:00000835-a-1#1086,NA,NA,p.Leu6Arg,469.0,652.0,875.0,977.0,1044.0,1377.0
urn:mavedb:00000835-a-1#1087,NA,NA,p.Leu6Ser,355.0,355.0,605.0,452.0,320.0,785.0
urn:mavedb:00000835-a-1#1088,NA,NA,p.Leu6Thr,74.0,100.0,161.0,5.0,135.0,25.0
urn:mavedb:00000835-a-1#1089,NA,NA,p.Leu6Val,708.0,797.0,1247.0,1763.0,1465.0,2052.0
urn:mavedb:00000835-a-1#1090,NA,NA,p.Leu6Trp,81.0,114.0,145.0,3.0,32.0,8.0
urn:mavedb:00000835-a-1#1091,NA,NA,p.Leu6Tyr,74.0,70.0,89.0,7.0,16.0,11.0
urn:mavedb:00000835-a-1#1092,NA,NA,p.Ala5Cys,59.0,91.0,104.0,17.0,33.0,5.0
urn:mavedb:00000835-a-1#1093,NA,NA,p.Ala5Asp,551.0,728.0,974.0,30.0,22.0,39.0
urn:mavedb:00000835-a-1#1094,NA,NA,p.Ala5Glu,48.0,51.0,86.0,1.0,1.0,2.0
urn:mavedb:00000835-a-1#1095,NA,NA,p.Ala5Phe,52.0,53.0,117.0,3.0,2.0,5.0
urn:mavedb:00000835-a-1#1096,NA,NA,p.Ala5Gly,755.0,835.0,1357.0,887.0,821.0,1348.0
urn:mavedb:00000835-a-1#1097,NA,NA,p.Ala5His,46.0,61.0,98.0,2.0,1.0,0.0
urn:mavedb:00000835-a-1#1098,NA,NA,p.Ala5Ile,57.0,50.0,71.0,1.0,3.0,0.0
urn:mavedb:00000835-a-1#1099,NA,NA,p.Ala5Lys,102.0,126.0,168.0,0.0,2.0,2.0
urn:mavedb:00000835-a-1#1100,NA,NA,p.Ala5Leu,422.0,497.0,716.0,19.0,14.0,10.0
urn:mavedb:00000835-a-1#1101,NA,NA,p.Ala5Met,262.0,327.0,508.0,8.0,12.0,9.0
urn:mavedb:00000835-a-1#1102,NA,NA,p.Ala5Asn,48.0,19.0,56.0,0.0,0.0,0.0
urn:mavedb:00000835-a-1#1103,NA,NA,p.Ala5Pro,78.0,78.0,116.0,0.0,1.0,4.0
urn:mavedb:00000835-a-1#1104,NA,NA,p.Ala5Gln,42.0,61.0,81.0,4.0,8.0,1.0
urn:mavedb:00000835-a-1#1105,NA,NA,p.Ala5Arg,628.0,757.0,1059.0,36.0,19.0,22.0
urn:mavedb:00000835-a-1#1106,NA,NA,p.Ala5Ser,186.0,230.0,393.0,93.0,66.0,146.0
urn:mavedb:00000835-a-1#1107,NA,NA,p.Ala5Thr,222.0,300.0,475.0,11.0,7.0,21.0
urn:mavedb:00000835-a-1#1108,NA,NA,p.Ala5Val,152.0,149.0,286.0,3.0,1.0,3.0
urn:mavedb:00000835-a-1#1109,NA,NA,p.Ala5Trp,211.0,247.0,403.0,7.0,8.0,6.0
urn:mavedb:00000835-a-1#1110,NA,NA,p.Ala5Tyr,465.0,515.0,845.0,18.0,18.0,15.0
urn:mavedb:00000835-a-1#1111,NA,NA,p.Gln4Arg,657.0,746.0,1137.0,1238.0,1631.0,1148.0
urn:mavedb:00000835-a-1#1112,NA,NA,p.Gln4Ser,306.0,348.0,561.0,178.0,744.0,506.0
urn:mavedb:00000835-a-1#1113,NA,NA,p.Gln4Thr,104.0,156.0,183.0,303.0,221.0,491.0
urn:mavedb:00000835-a-1#1114,NA,NA,p.Gln4Val,533.0,532.0,877.0,680.0,412.0,601.0
urn:mavedb:00000835-a-1#1115,NA,NA,p.Gln4Trp,438.0,599.0,852.0,605.0,399.0,474.0
urn:mavedb:00000835-a-1#1116,NA,NA,p.Gln4Tyr,34.0,45.0,63.0,63.0,75.0,35.0
urn:mavedb:00000835-a-1#1117,NA,NA,p.Val3Trp,122.0,127.0,236.0,120.0,372.0,750.0
urn:mavedb:00000835-a-1#1118,NA,NA,p.Val3Tyr,103.0,124.0,217.0,469.0,162.0,1118.0
urn:mavedb:00000835-a-1#1119,NA,NA,p.Thr1Val,183.0,182.0,235.0,83.0,100.0,264.0
urn:mavedb:00000835-a-1#1120,NA,NA,p.Thr1Trp,62.0,28.0,95.0,73.0,21.0,77.0
urn:mavedb:00000835-a-1#1121,NA,NA,p.Thr1Tyr,0.0,2.0,0.0,11.0,10.0,0.0
