accession,hgvs_nt,hgvs_splice,hgvs_pro,Gen_0,Gen_3,Gen_6,Gen_9,Gen_12,Gen_15,Gen_18,Gen_21
urn:mavedb:00000011-a-1#1,c.[1C>A;2=;3=],NA,p.Gln1Lys,816.0,502.0,705.0,1244.0,1427.0,1128.0,6317.0,6776.0
urn:mavedb:00000011-a-1#2,c.[1C>A;2A>G;3A>G],NA,p.Gln1Arg,154.0,90.0,158.0,263.0,285.0,250.0,1258.0,1325.0
urn:mavedb:00000011-a-1#3,c.[4T>G;5T>G;6T>A],NA,p.Phe2Gly,256.0,265.0,329.0,195.0,88.0,49.0,228.0,192.0
urn:mavedb:00000011-a-1#4,c.[4T>G;5T>G;6T>C],NA,p.Phe2Gly,461.0,477.0,498.0,339.0,151.0,110.0,382.0,287.0
urn:mavedb:00000011-a-1#5,c.[4T>G;5T>G;6T>G],NA,p.Phe2Gly,298.0,300.0,305.0,213.0,101.0,62.0,258.0,184.0
urn:mavedb:00000011-a-1#6,c.[4T>G;5T>G;6=],NA,p.Phe2Gly,262.0,250.0,296.0,185.0,93.0,59.0,238.0,210.0
urn:mavedb:00000011-a-1#7,c.[4T>G;5=;6T>A],NA,p.Phe2Val,318.0,258.0,146.0,41.0,17.0,4.0,15.0,13.0
urn:mavedb:00000011-a-1#8,c.[4T>G;5=;6T>C],NA,p.Phe2Val,451.0,429.0,216.0,56.0,7.0,11.0,11.0,8.0
urn:mavedb:00000011-a-1#9,c.[4T>G;5=;6T>G],NA,p.Phe2Val,223.0,193.0,81.0,31.0,8.0,3.0,2.0,6.0
urn:mavedb:00000011-a-1#10,c.[4T>G;5=;6=],NA,p.Phe2Val,420.0,354.0,158.0,40.0,13.0,15.0,6.0,8.0
urn:mavedb:00000011-a-1#11,c.[4=;5T>A;6T>A],NA,p.Phe2Ter,349.0,129.0,29.0,11.0,3.0,3.0,4.0,7.0
urn:mavedb:00000011-a-1#12,c.[4=;5T>A;6T>C],NA,p.Phe2Tyr,586.0,487.0,853.0,1342.0,1293.0,1005.0,4522.0,5925.0
urn:mavedb:00000011-a-1#13,c.[1C>A;2A>G;3A>T],NA,p.Gln1Ser,169.0,99.0,165.0,215.0,194.0,146.0,779.0,762.0
urn:mavedb:00000011-a-1#14,c.[4=;5T>A;6T>G],NA,p.Phe2Ter,256.0,67.0,11.0,8.0,1.0,7.0,6.0,3.0
urn:mavedb:00000011-a-1#15,c.[4=;5T>A;6=],NA,p.Phe2Tyr,685.0,540.0,931.0,1516.0,1555.0,1281.0,5036.0,5615.0
urn:mavedb:00000011-a-1#16,c.[4=;5T>C;6T>A],NA,p.Phe2Ser,902.0,787.0,608.0,221.0,67.0,48.0,87.0,67.0
urn:mavedb:00000011-a-1#17,c.[4=;5T>C;6T>G],NA,p.Phe2Ser,622.0,491.0,351.0,172.0,49.0,28.0,46.0,33.0
urn:mavedb:00000011-a-1#18,c.[4=;5T>C;6=],NA,p.Phe2Ser,713.0,641.0,498.0,208.0,74.0,59.0,141.0,101.0
urn:mavedb:00000011-a-1#19,c.[4=;5T>G;6T>A],NA,p.Phe2Ter,460.0,128.0,34.0,8.0,2.0,3.0,7.0,3.0
urn:mavedb:00000011-a-1#20,c.[4=;5T>G;6T>C],NA,p.Phe2Cys,517.0,480.0,543.0,358.0,155.0,89.0,280.0,218.0
urn:mavedb:00000011-a-1#21,c.[4=;5T>G;6T>G],NA,p.Phe2Trp,205.0,134.0,201.0,329.0,298.0,224.0,925.0,1034.0
urn:mavedb:00000011-a-1#22,c.[4=;5T>G;6=],NA,p.Phe2Cys,540.0,500.0,552.0,381.0,145.0,124.0,276.0,260.0
urn:mavedb:00000011-a-1#23,c.[4=;5=;6T>A],NA,p.Phe2Leu,859.0,672.0,959.0,871.0,490.0,359.0,1253.0,1372.0
urn:mavedb:00000011-a-1#24,c.[1C>A;2A>T;3=],NA,p.Gln1Ile,311.0,219.0,327.0,675.0,691.0,573.0,2886.0,3075.0
urn:mavedb:00000011-a-1#25,c.[4=;5=;6T>C],NA,p.Phe2=,560.0,440.0,745.0,1282.0,1215.0,953.0,4492.0,5025.0
urn:mavedb:00000011-a-1#26,c.[4=;5=;6T>G],NA,p.Phe2Leu,248.0,233.0,349.0,293.0,172.0,134.0,488.0,478.0
urn:mavedb:00000011-a-1#27,c.[4=;5=;6=],NA,p.Phe2=,7082.0,7519.0,11639.0,19072.0,19303.0,15353.0,72229.0,81490.0
urn:mavedb:00000011-a-1#28,c.[7G>A;8G>A;9T>A],NA,p.Gly3Lys,182.0,360.0,153.0,51.0,13.0,9.0,22.0,12.0
urn:mavedb:00000011-a-1#29,c.[7G>A;8G>A;9T>C],NA,p.Gly3Asn,123.0,326.0,146.0,37.0,19.0,6.0,14.0,7.0
urn:mavedb:00000011-a-1#30,c.[7G>A;8G>A;9T>G],NA,p.Gly3Lys,70.0,167.0,84.0,23.0,6.0,2.0,3.0,4.0
urn:mavedb:00000011-a-1#31,c.[7G>A;8G>A;9=],NA,p.Gly3Asn,68.0,169.0,68.0,29.0,6.0,2.0,7.0,2.0
urn:mavedb:00000011-a-1#32,c.[7G>A;8G>C;9T>A],NA,p.Gly3Thr,64.0,153.0,89.0,28.0,9.0,2.0,10.0,11.0
urn:mavedb:00000011-a-1#33,c.[7G>A;8G>C;9T>C],NA,p.Gly3Thr,85.0,204.0,150.0,58.0,17.0,7.0,22.0,7.0
urn:mavedb:00000011-a-1#34,c.[7G>A;8G>C;9T>G],NA,p.Gly3Thr,44.0,136.0,77.0,21.0,4.0,2.0,9.0,3.0
urn:mavedb:00000011-a-1#35,c.[1C>A;2A>T;3A>C],NA,p.Gln1Ile,273.0,179.0,298.0,476.0,604.0,440.0,2659.0,2698.0
urn:mavedb:00000011-a-1#36,c.[7G>A;8G>C;9=],NA,p.Gly3Thr,60.0,162.0,97.0,27.0,11.0,1.0,16.0,10.0
urn:mavedb:00000011-a-1#37,c.[7G>A;8=;9T>A],NA,p.Gly3Arg,82.0,212.0,96.0,31.0,10.0,6.0,15.0,8.0
urn:mavedb:00000011-a-1#38,c.[7G>A;8=;9T>C],NA,p.Gly3Ser,89.0,220.0,299.0,285.0,164.0,103.0,405.0,379.0
urn:mavedb:00000011-a-1#39,c.[7G>A;8=;9T>G],NA,p.Gly3Arg,104.0,212.0,117.0,27.0,10.0,5.0,11.0,12.0
urn:mavedb:00000011-a-1#40,c.[7G>A;8=;9=],NA,p.Gly3Ser,162.0,447.0,584.0,564.0,324.0,203.0,768.0,760.0
urn:mavedb:00000011-a-1#41,c.[7G>A;8G>T;9T>A],NA,p.Gly3Ile,61.0,89.0,29.0,4.0,2.0,1.0,3.0,2.0
urn:mavedb:00000011-a-1#42,c.[7G>A;8G>T;9T>C],NA,p.Gly3Ile,57.0,76.0,20.0,8.0,1.0,4.0,NA,1.0
urn:mavedb:00000011-a-1#43,c.[7G>A;8G>T;9T>G],NA,p.Gly3Met,81.0,190.0,267.0,219.0,111.0,63.0,186.0,175.0
urn:mavedb:00000011-a-1#44,c.[7G>A;8G>T;9=],NA,p.Gly3Ile,71.0,97.0,24.0,9.0,5.0,2.0,2.0,2.0
urn:mavedb:00000011-a-1#45,c.[7G>C;8G>A;9T>A],NA,p.Gly3Gln,72.0,247.0,206.0,86.0,28.0,8.0,26.0,13.0
urn:mavedb:00000011-a-1#46,c.[1C>A;2A>T;3A>G],NA,p.Gln1Met,148.0,95.0,145.0,259.0,282.0,199.0,1028.0,1197.0
urn:mavedb:00000011-a-1#47,c.[7G>C;8G>A;9T>C],NA,p.Gly3His,62.0,164.0,134.0,34.0,13.0,9.0,11.0,9.0
urn:mavedb:00000011-a-1#48,c.[7G>C;8G>A;9T>G],NA,p.Gly3Gln,57.0,165.0,166.0,56.0,18.0,8.0,34.0,29.0
urn:mavedb:00000011-a-1#49,c.[7G>C;8G>A;9=],NA,p.Gly3His,43.0,139.0,86.0,36.0,5.0,2.0,8.0,5.0
urn:mavedb:00000011-a-1#50,c.[7G>C;8G>C;9T>A],NA,p.Gly3Pro,30.0,27.0,5.0,2.0,NA,1.0,2.0,NA
urn:mavedb:00000011-a-1#51,c.[7G>C;8G>C;9T>C],NA,p.Gly3Pro,322.0,334.0,79.0,28.0,6.0,1.0,10.0,5.0
urn:mavedb:00000011-a-1#52,c.[7G>C;8G>C;9T>G],NA,p.Gly3Pro,82.0,102.0,23.0,7.0,2.0,3.0,1.0,3.0
urn:mavedb:00000011-a-1#53,c.[7G>C;8G>C;9=],NA,p.Gly3Pro,38.0,36.0,8.0,3.0,1.0,1.0,2.0,NA
urn:mavedb:00000011-a-1#54,c.[7G>C;8=;9T>A],NA,p.Gly3Arg,114.0,271.0,131.0,34.0,18.0,8.0,30.0,17.0
urn:mavedb:00000011-a-1#55,c.[7G>C;8=;9T>C],NA,p.Gly3Arg,127.0,304.0,169.0,40.0,13.0,5.0,10.0,3.0
urn:mavedb:00000011-a-1#56,c.[7G>C;8=;9T>G],NA,p.Gly3Arg,113.0,295.0,123.0,39.0,6.0,8.0,13.0,11.0
urn:mavedb:00000011-a-1#57,c.[1C>A;2A>T;3A>T],NA,p.Gln1Ile,330.0,175.0,267.0,475.0,565.0,407.0,2893.0,2833.0
urn:mavedb:00000011-a-1#58,c.[7G>C;8=;9=],NA,p.Gly3Arg,79.0,163.0,83.0,16.0,5.0,2.0,17.0,12.0
urn:mavedb:00000011-a-1#59,c.[7G>C;8G>T;9T>A],NA,p.Gly3Leu,49.0,136.0,43.0,11.0,1.0,3.0,7.0,1.0
urn:mavedb:00000011-a-1#60,c.[7G>C;8G>T;9T>C],NA,p.Gly3Leu,74.0,153.0,50.0,12.0,1.0,6.0,3.0,5.0
urn:mavedb:00000011-a-1#61,c.[7G>C;8G>T;9T>G],NA,p.Gly3Leu,85.0,152.0,51.0,9.0,4.0,NA,1.0,2.0
urn:mavedb:00000011-a-1#62,c.[7G>C;8G>T;9=],NA,p.Gly3Leu,37.0,72.0,16.0,3.0,10.0,1.0,3.0,1.0
urn:mavedb:00000011-a-1#63,c.[7=;8G>A;9T>A],NA,p.Gly3Glu,85.0,221.0,92.0,20.0,6.0,6.0,5.0,5.0
urn:mavedb:00000011-a-1#64,c.[7=;8G>A;9T>C],NA,p.Gly3Asp,29.0,85.0,65.0,10.0,2.0,3.0,3.0,NA
urn:mavedb:00000011-a-1#65,c.[7=;8G>A;9T>G],NA,p.Gly3Glu,104.0,233.0,96.0,35.0,12.0,11.0,9.0,12.0
urn:mavedb:00000011-a-1#66,c.[7=;8G>A;9=],NA,p.Gly3Asp,69.0,246.0,165.0,60.0,22.0,12.0,35.0,42.0
urn:mavedb:00000011-a-1#67,c.[7=;8G>C;9T>A],NA,p.Gly3Ala,97.0,234.0,366.0,266.0,108.0,81.0,288.0,246.0
urn:mavedb:00000011-a-1#68,c.[1=;2=;3=],NA,p.Gln1=,7082.0,7519.0,11639.0,19072.0,19303.0,15353.0,72229.0,81490.0
urn:mavedb:00000011-a-1#69,c.[7=;8G>C;9T>C],NA,p.Gly3Ala,250.0,680.0,1012.0,840.0,331.0,230.0,726.0,637.0
urn:mavedb:00000011-a-1#70,c.[7=;8G>C;9T>G],NA,p.Gly3Ala,191.0,511.0,864.0,638.0,265.0,174.0,570.0,420.0
urn:mavedb:00000011-a-1#71,c.[7=;8G>C;9=],NA,p.Gly3Ala,106.0,269.0,419.0,345.0,163.0,108.0,322.0,281.0
urn:mavedb:00000011-a-1#72,c.[7=;8=;9T>A],NA,p.Gly3=,181.0,433.0,695.0,1323.0,1434.0,1109.0,5105.0,5579.0
urn:mavedb:00000011-a-1#73,c.[7=;8=;9T>C],NA,p.Gly3=,224.0,512.0,959.0,1624.0,1554.0,1221.0,5703.0,6300.0
urn:mavedb:00000011-a-1#74,c.[7=;8=;9T>G],NA,p.Gly3=,573.0,1247.0,2277.0,3846.0,3962.0,3206.0,15047.0,16448.0
urn:mavedb:00000011-a-1#75,c.[7=;8=;9=],NA,p.Gly3=,7082.0,7519.0,11639.0,19072.0,19303.0,15353.0,72229.0,81490.0
urn:mavedb:00000011-a-1#76,c.[7=;8G>T;9T>A],NA,p.Gly3Val,85.0,250.0,74.0,22.0,5.0,6.0,10.0,6.0
urn:mavedb:00000011-a-1#77,c.[7=;8G>T;9T>C],NA,p.Gly3Val,67.0,118.0,36.0,11.0,5.0,4.0,5.0,7.0
urn:mavedb:00000011-a-1#78,c.[7=;8G>T;9T>G],NA,p.Gly3Val,153.0,358.0,106.0,21.0,16.0,5.0,12.0,6.0
urn:mavedb:00000011-a-1#79,c.[1=;2=;3A>C],NA,p.Gln1His,362.0,325.0,577.0,843.0,838.0,684.0,3335.0,4437.0
urn:mavedb:00000011-a-1#80,c.[7=;8G>T;9=],NA,p.Gly3Val,125.0,271.0,76.0,19.0,8.0,7.0,12.0,13.0
urn:mavedb:00000011-a-1#81,c.[7G>T;8G>A;9T>A],NA,p.Gly3Ter,97.0,85.0,28.0,9.0,3.0,2.0,10.0,7.0
urn:mavedb:00000011-a-1#82,c.[7G>T;8G>A;9T>C],NA,p.Gly3Tyr,55.0,145.0,205.0,230.0,133.0,72.0,370.0,352.0
urn:mavedb:00000011-a-1#83,c.[7G>T;8G>A;9T>G],NA,p.Gly3Ter,44.0,48.0,9.0,4.0,3.0,NA,3.0,NA
urn:mavedb:00000011-a-1#84,c.[7G>T;8G>A;9=],NA,p.Gly3Tyr,80.0,192.0,264.0,241.0,140.0,127.0,526.0,464.0
urn:mavedb:00000011-a-1#85,c.[7G>T;8G>C;9T>A],NA,p.Gly3Ser,24.0,68.0,112.0,75.0,48.0,25.0,141.0,120.0
urn:mavedb:00000011-a-1#86,c.[7G>T;8G>C;9T>C],NA,p.Gly3Ser,28.0,84.0,140.0,124.0,46.0,47.0,149.0,127.0
urn:mavedb:00000011-a-1#87,c.[7G>T;8G>C;9T>G],NA,p.Gly3Ser,50.0,140.0,217.0,165.0,69.0,52.0,209.0,178.0
urn:mavedb:00000011-a-1#88,c.[7G>T;8G>C;9=],NA,p.Gly3Ser,112.0,227.0,264.0,243.0,170.0,116.0,387.0,344.0
urn:mavedb:00000011-a-1#89,c.[7G>T;8=;9T>A],NA,p.Gly3Ter,68.0,46.0,20.0,8.0,2.0,2.0,12.0,12.0
urn:mavedb:00000011-a-1#90,c.[1=;2=;3A>G],NA,p.Gln1=,318.0,184.0,276.0,460.0,473.0,391.0,1818.0,2013.0
urn:mavedb:00000011-a-1#91,c.[7G>T;8=;9T>C],NA,p.Gly3Cys,39.0,113.0,157.0,129.0,56.0,41.0,123.0,98.0
urn:mavedb:00000011-a-1#92,c.[7G>T;8=;9T>G],NA,p.Gly3Trp,129.0,341.0,340.0,121.0,30.0,14.0,45.0,32.0
urn:mavedb:00000011-a-1#93,c.[7G>T;8=;9=],NA,p.Gly3Cys,63.0,158.0,238.0,200.0,89.0,57.0,262.0,250.0
urn:mavedb:00000011-a-1#94,c.[7G>T;8G>T;9T>A],NA,p.Gly3Leu,80.0,153.0,45.0,9.0,4.0,NA,7.0,7.0
urn:mavedb:00000011-a-1#95,c.[7G>T;8G>T;9T>C],NA,p.Gly3Phe,35.0,80.0,132.0,159.0,109.0,71.0,492.0,417.0
urn:mavedb:00000011-a-1#96,c.[7G>T;8G>T;9T>G],NA,p.Gly3Leu,62.0,123.0,32.0,5.0,3.0,2.0,3.0,9.0
urn:mavedb:00000011-a-1#97,c.[7G>T;8G>T;9=],NA,p.Gly3Phe,81.0,156.0,257.0,373.0,284.0,167.0,1228.0,1038.0
urn:mavedb:00000011-a-1#98,c.[10T>A;11G>A;12G>A],NA,p.Trp4Lys,958.0,336.0,61.0,21.0,6.0,4.0,17.0,11.0
urn:mavedb:00000011-a-1#99,c.[10T>A;11G>A;12G>C],NA,p.Trp4Asn,547.0,326.0,65.0,27.0,4.0,4.0,5.0,7.0
urn:mavedb:00000011-a-1#100,c.[10T>A;11G>A;12=],NA,p.Trp4Lys,541.0,184.0,39.0,8.0,9.0,7.0,10.0,6.0
urn:mavedb:00000011-a-1#101,c.[1=;2=;3A>T],NA,p.Gln1His,212.0,157.0,174.0,375.0,346.0,272.0,1354.0,1488.0
urn:mavedb:00000011-a-1#102,c.[10T>A;11G>A;12G>T],NA,p.Trp4Asn,779.0,415.0,93.0,32.0,8.0,6.0,7.0,8.0
urn:mavedb:00000011-a-1#103,c.[10T>A;11G>C;12G>A],NA,p.Trp4Thr,657.0,294.0,86.0,23.0,9.0,3.0,7.0,8.0
urn:mavedb:00000011-a-1#104,c.[10T>A;11G>C;12G>C],NA,p.Trp4Thr,583.0,338.0,87.0,18.0,7.0,6.0,15.0,9.0
urn:mavedb:00000011-a-1#105,c.[10T>A;11G>C;12=],NA,p.Trp4Thr,416.0,198.0,60.0,20.0,4.0,5.0,5.0,5.0
urn:mavedb:00000011-a-1#106,c.[10T>A;11G>C;12G>T],NA,p.Trp4Thr,467.0,263.0,52.0,19.0,7.0,5.0,12.0,3.0
urn:mavedb:00000011-a-1#107,c.[10T>A;11=;12G>A],NA,p.Trp4Arg,560.0,264.0,80.0,21.0,12.0,4.0,10.0,10.0
urn:mavedb:00000011-a-1#108,c.[10T>A;11=;12G>C],NA,p.Trp4Ser,224.0,97.0,20.0,4.0,2.0,NA,3.0,3.0
urn:mavedb:00000011-a-1#109,c.[10T>A;11=;12=],NA,p.Trp4Arg,269.0,134.0,40.0,17.0,6.0,6.0,8.0,13.0
urn:mavedb:00000011-a-1#110,c.[10T>A;11=;12G>T],NA,p.Trp4Ser,474.0,208.0,50.0,10.0,4.0,4.0,6.0,12.0
urn:mavedb:00000011-a-1#111,c.[10T>A;11G>T;12G>A],NA,p.Trp4Ile,724.0,524.0,647.0,673.0,393.0,310.0,1190.0,1122.0
urn:mavedb:00000011-a-1#112,c.[1C>A;2=;3A>C],NA,p.Gln1Asn,267.0,202.0,263.0,466.0,383.0,261.0,1272.0,1326.0
urn:mavedb:00000011-a-1#113,c.[1=;2A>C;3=],NA,p.Gln1Pro,346.0,194.0,297.0,441.0,413.0,342.0,1563.0,1641.0
urn:mavedb:00000011-a-1#114,c.[10T>A;11G>T;12G>C],NA,p.Trp4Ile,515.0,426.0,456.0,520.0,316.0,204.0,864.0,879.0
urn:mavedb:00000011-a-1#115,c.[10T>A;11G>T;12=],NA,p.Trp4Met,525.0,429.0,616.0,661.0,465.0,324.0,1173.0,1051.0
urn:mavedb:00000011-a-1#116,c.[10T>A;11G>T;12G>T],NA,p.Trp4Ile,496.0,381.0,478.0,458.0,290.0,214.0,994.0,946.0
urn:mavedb:00000011-a-1#117,c.[10T>C;11G>A;12G>A],NA,p.Trp4Gln,417.0,232.0,68.0,16.0,3.0,3.0,10.0,1.0
urn:mavedb:00000011-a-1#118,c.[10T>C;11G>A;12G>C],NA,p.Trp4His,364.0,277.0,88.0,19.0,10.0,5.0,7.0,5.0
urn:mavedb:00000011-a-1#119,c.[10T>C;11G>A;12=],NA,p.Trp4Gln,455.0,272.0,77.0,27.0,9.0,6.0,12.0,3.0
urn:mavedb:00000011-a-1#120,c.[10T>C;11G>A;12G>T],NA,p.Trp4His,461.0,265.0,55.0,20.0,5.0,5.0,6.0,9.0
urn:mavedb:00000011-a-1#121,c.[10T>C;11G>C;12G>A],NA,p.Trp4Pro,394.0,273.0,275.0,113.0,41.0,31.0,52.0,43.0
urn:mavedb:00000011-a-1#122,c.[10T>C;11G>C;12G>C],NA,p.Trp4Pro,2148.0,1641.0,1304.0,618.0,222.0,115.0,356.0,272.0
urn:mavedb:00000011-a-1#123,c.[10T>C;11G>C;12=],NA,p.Trp4Pro,1007.0,742.0,670.0,251.0,96.0,48.0,156.0,107.0
urn:mavedb:00000011-a-1#124,c.[1=;2A>C;3A>C],NA,p.Gln1Pro,1805.0,1256.0,1942.0,2625.0,2437.0,1817.0,8980.0,9643.0
urn:mavedb:00000011-a-1#125,c.[10T>C;11G>C;12G>T],NA,p.Trp4Pro,230.0,189.0,158.0,63.0,22.0,6.0,37.0,24.0
urn:mavedb:00000011-a-1#126,c.[10T>C;11=;12G>A],NA,p.Trp4Arg,350.0,200.0,74.0,18.0,9.0,2.0,6.0,6.0
urn:mavedb:00000011-a-1#127,c.[10T>C;11=;12G>C],NA,p.Trp4Arg,423.0,186.0,54.0,19.0,6.0,2.0,5.0,4.0
urn:mavedb:00000011-a-1#128,c.[10T>C;11=;12=],NA,p.Trp4Arg,490.0,273.0,93.0,31.0,24.0,17.0,51.0,68.0
urn:mavedb:00000011-a-1#129,c.[10T>C;11=;12G>T],NA,p.Trp4Arg,251.0,146.0,37.0,6.0,2.0,3.0,3.0,5.0
urn:mavedb:00000011-a-1#130,c.[10T>C;11G>T;12G>A],NA,p.Trp4Leu,497.0,306.0,490.0,944.0,905.0,761.0,3836.0,4248.0
urn:mavedb:00000011-a-1#131,c.[10T>C;11G>T;12G>C],NA,p.Trp4Leu,327.0,232.0,380.0,627.0,688.0,596.0,2850.0,3139.0
urn:mavedb:00000011-a-1#132,c.[10T>C;11G>T;12=],NA,p.Trp4Leu,451.0,376.0,579.0,942.0,1000.0,827.0,3662.0,4123.0
urn:mavedb:00000011-a-1#133,c.[10T>C;11G>T;12G>T],NA,p.Trp4Leu,249.0,200.0,277.0,454.0,529.0,445.0,2474.0,2694.0
urn:mavedb:00000011-a-1#134,c.[10T>G;11G>A;12G>A],NA,p.Trp4Glu,441.0,131.0,41.0,3.0,1.0,1.0,6.0,4.0
urn:mavedb:00000011-a-1#135,c.[1=;2A>C;3A>G],NA,p.Gln1Pro,891.0,582.0,963.0,1429.0,1164.0,868.0,4278.0,4375.0
urn:mavedb:00000011-a-1#136,c.[10T>G;11G>A;12G>C],NA,p.Trp4Asp,384.0,123.0,17.0,4.0,1.0,1.0,4.0,5.0
urn:mavedb:00000011-a-1#137,c.[10T>G;11G>A;12=],NA,p.Trp4Glu,453.0,120.0,21.0,6.0,3.0,2.0,11.0,1.0
urn:mavedb:00000011-a-1#138,c.[10T>G;11G>A;12G>T],NA,p.Trp4Asp,321.0,109.0,23.0,1.0,1.0,4.0,6.0,2.0
urn:mavedb:00000011-a-1#139,c.[10T>G;11G>C;12G>A],NA,p.Trp4Ala,325.0,246.0,66.0,18.0,7.0,2.0,2.0,7.0
urn:mavedb:00000011-a-1#140,c.[10T>G;11G>C;12G>C],NA,p.Trp4Ala,592.0,396.0,94.0,32.0,6.0,6.0,6.0,8.0
urn:mavedb:00000011-a-1#141,c.[10T>G;11G>C;12=],NA,p.Trp4Ala,847.0,658.0,207.0,51.0,12.0,7.0,15.0,13.0
urn:mavedb:00000011-a-1#142,c.[10T>G;11G>C;12G>T],NA,p.Trp4Ala,294.0,168.0,29.0,8.0,4.0,4.0,4.0,6.0
urn:mavedb:00000011-a-1#143,c.[10T>G;11=;12G>A],NA,p.Trp4Gly,412.0,126.0,20.0,5.0,3.0,4.0,2.0,3.0
urn:mavedb:00000011-a-1#144,c.[10T>G;11=;12G>C],NA,p.Trp4Gly,746.0,213.0,42.0,25.0,3.0,3.0,6.0,6.0
urn:mavedb:00000011-a-1#145,c.[10T>G;11=;12=],NA,p.Trp4Gly,3532.0,1226.0,253.0,86.0,35.0,16.0,43.0,42.0
urn:mavedb:00000011-a-1#146,c.[1=;2A>C;3A>T],NA,p.Gln1Pro,233.0,169.0,261.0,324.0,355.0,272.0,1425.0,1624.0
urn:mavedb:00000011-a-1#147,c.[10T>G;11=;12G>T],NA,p.Trp4Gly,328.0,114.0,23.0,3.0,1.0,1.0,7.0,2.0
urn:mavedb:00000011-a-1#148,c.[10T>G;11G>T;12G>A],NA,p.Trp4Val,463.0,343.0,248.0,113.0,41.0,19.0,47.0,27.0
urn:mavedb:00000011-a-1#149,c.[10T>G;11G>T;12G>C],NA,p.Trp4Val,341.0,252.0,177.0,99.0,23.0,14.0,32.0,17.0
urn:mavedb:00000011-a-1#150,c.[10T>G;11G>T;12=],NA,p.Trp4Val,560.0,455.0,416.0,162.0,62.0,19.0,82.0,61.0
urn:mavedb:00000011-a-1#151,c.[10T>G;11G>T;12G>T],NA,p.Trp4Val,601.0,348.0,326.0,129.0,40.0,24.0,63.0,50.0
urn:mavedb:00000011-a-1#152,c.[10=;11G>A;12G>A],NA,p.Trp4Ter,756.0,215.0,51.0,22.0,8.0,7.0,15.0,19.0
urn:mavedb:00000011-a-1#153,c.[10=;11G>A;12G>C],NA,p.Trp4Tyr,493.0,351.0,278.0,150.0,29.0,28.0,55.0,41.0
urn:mavedb:00000011-a-1#154,c.[10=;11G>A;12=],NA,p.Trp4Ter,619.0,146.0,33.0,14.0,12.0,4.0,28.0,34.0
urn:mavedb:00000011-a-1#155,c.[10=;11G>A;12G>T],NA,p.Trp4Tyr,782.0,524.0,391.0,187.0,44.0,31.0,79.0,77.0
urn:mavedb:00000011-a-1#156,c.[10=;11G>C;12G>A],NA,p.Trp4Ser,498.0,200.0,43.0,13.0,5.0,3.0,10.0,10.0
urn:mavedb:00000011-a-1#157,c.[1=;2A>G;3=],NA,p.Gln1Arg,350.0,223.0,364.0,668.0,646.0,561.0,2567.0,3075.0
urn:mavedb:00000011-a-1#158,c.[10=;11G>C;12G>C],NA,p.Trp4Ser,439.0,203.0,52.0,2.0,2.0,5.0,6.0,11.0
urn:mavedb:00000011-a-1#159,c.[10=;11G>C;12=],NA,p.Trp4Ser,265.0,146.0,26.0,7.0,6.0,2.0,10.0,4.0
urn:mavedb:00000011-a-1#160,c.[10=;11G>C;12G>T],NA,p.Trp4Ser,257.0,115.0,19.0,12.0,3.0,3.0,2.0,3.0
urn:mavedb:00000011-a-1#161,c.[10=;11=;12G>A],NA,p.Trp4Ter,456.0,131.0,28.0,16.0,10.0,3.0,27.0,28.0
urn:mavedb:00000011-a-1#162,c.[10=;11=;12G>C],NA,p.Trp4Cys,277.0,170.0,82.0,14.0,9.0,10.0,9.0,8.0
urn:mavedb:00000011-a-1#163,c.[10=;11=;12=],NA,p.Trp4=,7082.0,7519.0,11639.0,19072.0,19303.0,15353.0,72229.0,81490.0
urn:mavedb:00000011-a-1#164,c.[10=;11=;12G>T],NA,p.Trp4Cys,413.0,262.0,141.0,31.0,11.0,4.0,14.0,18.0
urn:mavedb:00000011-a-1#165,c.[10=;11G>T;12G>A],NA,p.Trp4Leu,859.0,648.0,958.0,1670.0,1784.0,1431.0,7799.0,9108.0
urn:mavedb:00000011-a-1#166,c.[10=;11G>T;12G>C],NA,p.Trp4Phe,311.0,217.0,311.0,393.0,358.0,242.0,1213.0,1316.0
urn:mavedb:00000011-a-1#167,c.[10=;11G>T;12=],NA,p.Trp4Leu,731.0,596.0,876.0,1457.0,1513.0,1249.0,5902.0,6819.0
urn:mavedb:00000011-a-1#168,c.[1=;2A>G;3A>C],NA,p.Gln1Arg,658.0,439.0,634.0,1097.0,1039.0,990.0,4773.0,5112.0
urn:mavedb:00000011-a-1#169,c.[10=;11G>T;12G>T],NA,p.Trp4Phe,644.0,382.0,489.0,700.0,613.0,482.0,2801.0,2912.0
urn:mavedb:00000011-a-1#170,c.[13T>A;14C>A;15T>A],NA,p.Ser5Lys,793.0,400.0,96.0,38.0,13.0,12.0,14.0,16.0
urn:mavedb:00000011-a-1#171,c.[13T>A;14C>A;15T>C],NA,p.Ser5Asn,603.0,784.0,1141.0,1059.0,617.0,394.0,1836.0,1731.0
urn:mavedb:00000011-a-1#172,c.[13T>A;14C>A;15T>G],NA,p.Ser5Lys,621.0,327.0,75.0,26.0,11.0,4.0,10.0,7.0
urn:mavedb:00000011-a-1#173,c.[13T>A;14C>A;15=],NA,p.Ser5Asn,692.0,846.0,1211.0,1179.0,687.0,458.0,1845.0,1839.0
urn:mavedb:00000011-a-1#174,c.[13T>A;14=;15T>A],NA,p.Ser5Thr,693.0,852.0,1514.0,2497.0,2495.0,1956.0,8878.0,9850.0
urn:mavedb:00000011-a-1#175,c.[13T>A;14=;15T>C],NA,p.Ser5Thr,408.0,527.0,952.0,1575.0,1528.0,1155.0,5678.0,6102.0
urn:mavedb:00000011-a-1#176,c.[13T>A;14=;15T>G],NA,p.Ser5Thr,491.0,652.0,1211.0,1826.0,1828.0,1403.0,6894.0,7337.0
urn:mavedb:00000011-a-1#177,c.[13T>A;14=;15=],NA,p.Ser5Thr,491.0,620.0,1092.0,1912.0,1908.0,1475.0,6792.0,7536.0
urn:mavedb:00000011-a-1#178,c.[13T>A;14C>G;15T>A],NA,p.Ser5Arg,479.0,163.0,35.0,15.0,10.0,3.0,10.0,7.0
urn:mavedb:00000011-a-1#179,c.[1=;2A>G;3A>G],NA,p.Gln1Arg,552.0,332.0,507.0,892.0,814.0,761.0,3753.0,4245.0
urn:mavedb:00000011-a-1#180,c.[13T>A;14C>G;15T>C],NA,p.Ser5=,166.0,195.0,315.0,559.0,560.0,478.0,2521.0,2707.0
urn:mavedb:00000011-a-1#181,c.[13T>A;14C>G;15T>G],NA,p.Ser5Arg,355.0,118.0,37.0,10.0,4.0,1.0,9.0,6.0
urn:mavedb:00000011-a-1#182,c.[13T>A;14C>G;15=],NA,p.Ser5=,880.0,1108.0,1832.0,3204.0,3466.0,2698.0,13653.0,15080.0
urn:mavedb:00000011-a-1#183,c.[13T>A;14C>T;15T>A],NA,p.Ser5Ile,412.0,101.0,26.0,14.0,1.0,6.0,10.0,10.0
urn:mavedb:00000011-a-1#184,c.[13T>A;14C>T;15T>C],NA,p.Ser5Ile,195.0,44.0,7.0,3.0,4.0,2.0,4.0,3.0
urn:mavedb:00000011-a-1#185,c.[13T>A;14C>T;15T>G],NA,p.Ser5Met,389.0,109.0,33.0,10.0,7.0,2.0,7.0,15.0
urn:mavedb:00000011-a-1#186,c.[13T>A;14C>T;15=],NA,p.Ser5Ile,541.0,137.0,20.0,11.0,1.0,8.0,13.0,14.0
urn:mavedb:00000011-a-1#187,c.[13T>C;14C>A;15T>A],NA,p.Ser5Gln,369.0,198.0,42.0,13.0,5.0,10.0,6.0,3.0
urn:mavedb:00000011-a-1#188,c.[13T>C;14C>A;15T>C],NA,p.Ser5His,283.0,174.0,44.0,16.0,5.0,6.0,9.0,6.0
urn:mavedb:00000011-a-1#189,c.[13T>C;14C>A;15T>G],NA,p.Ser5Gln,66.0,41.0,10.0,4.0,NA,3.0,2.0,2.0
urn:mavedb:00000011-a-1#190,c.[1=;2A>G;3A>T],NA,p.Gln1Arg,349.0,279.0,405.0,674.0,645.0,627.0,3105.0,3476.0
urn:mavedb:00000011-a-1#191,c.[13T>C;14C>A;15=],NA,p.Ser5His,455.0,226.0,62.0,19.0,9.0,9.0,9.0,12.0
urn:mavedb:00000011-a-1#192,c.[13T>C;14=;15T>A],NA,p.Ser5Pro,445.0,260.0,76.0,26.0,10.0,7.0,13.0,19.0
urn:mavedb:00000011-a-1#193,c.[13T>C;14=;15T>C],NA,p.Ser5Pro,1687.0,949.0,255.0,66.0,27.0,23.0,42.0,47.0
urn:mavedb:00000011-a-1#194,c.[13T>C;14=;15=],NA,p.Ser5Pro,378.0,193.0,54.0,28.0,30.0,18.0,88.0,94.0
urn:mavedb:00000011-a-1#195,c.[13T>C;14C>G;15T>A],NA,p.Ser5Arg,181.0,51.0,12.0,5.0,3.0,NA,3.0,2.0
urn:mavedb:00000011-a-1#196,c.[13T>C;14C>G;15T>C],NA,p.Ser5Arg,519.0,152.0,44.0,10.0,6.0,5.0,6.0,3.0
urn:mavedb:00000011-a-1#197,c.[13T>C;14C>G;15T>G],NA,p.Ser5Arg,233.0,95.0,13.0,2.0,2.0,NA,5.0,2.0
urn:mavedb:00000011-a-1#198,c.[13T>C;14C>G;15=],NA,p.Ser5Arg,128.0,42.0,13.0,6.0,1.0,NA,5.0,1.0
urn:mavedb:00000011-a-1#199,c.[13T>C;14C>T;15T>A],NA,p.Ser5Leu,276.0,70.0,14.0,6.0,1.0,1.0,7.0,1.0
urn:mavedb:00000011-a-1#200,c.[13T>C;14C>T;15T>C],NA,p.Ser5Leu,222.0,58.0,7.0,5.0,3.0,4.0,4.0,8.0
urn:mavedb:00000011-a-1#201,c.[1=;2A>T;3=],NA,p.Gln1Leu,488.0,310.0,493.0,813.0,1054.0,803.0,3875.0,4369.0
urn:mavedb:00000011-a-1#202,c.[13T>C;14C>T;15T>G],NA,p.Ser5Leu,81.0,14.0,4.0,2.0,NA,1.0,NA,1.0
urn:mavedb:00000011-a-1#203,c.[13T>C;14C>T;15=],NA,p.Ser5Leu,479.0,103.0,32.0,13.0,5.0,1.0,6.0,3.0
urn:mavedb:00000011-a-1#204,c.[13T>G;14C>A;15T>A],NA,p.Ser5Glu,322.0,85.0,23.0,7.0,2.0,4.0,5.0,3.0
urn:mavedb:00000011-a-1#205,c.[13T>G;14C>A;15T>C],NA,p.Ser5Asp,388.0,165.0,47.0,15.0,6.0,4.0,10.0,6.0
urn:mavedb:00000011-a-1#206,c.[13T>G;14C>A;15T>G],NA,p.Ser5Glu,522.0,146.0,36.0,19.0,5.0,3.0,17.0,8.0
urn:mavedb:00000011-a-1#207,c.[13T>G;14C>A;15=],NA,p.Ser5Asp,406.0,176.0,43.0,10.0,4.0,2.0,10.0,9.0
urn:mavedb:00000011-a-1#208,c.[13T>G;14=;15T>A],NA,p.Ser5Ala,241.0,196.0,51.0,16.0,5.0,6.0,19.0,11.0
urn:mavedb:00000011-a-1#209,c.[13T>G;14=;15T>C],NA,p.Ser5Ala,377.0,330.0,86.0,22.0,10.0,4.0,11.0,16.0
urn:mavedb:00000011-a-1#210,c.[13T>G;14=;15T>G],NA,p.Ser5Ala,392.0,327.0,103.0,15.0,14.0,5.0,8.0,13.0
urn:mavedb:00000011-a-1#211,c.[13T>G;14=;15=],NA,p.Ser5Ala,323.0,267.0,87.0,15.0,7.0,6.0,12.0,17.0
urn:mavedb:00000011-a-1#212,c.[1=;2A>T;3A>C],NA,p.Gln1Leu,344.0,259.0,366.0,539.0,718.0,526.0,2900.0,2976.0
urn:mavedb:00000011-a-1#213,c.[13T>G;14C>G;15T>A],NA,p.Ser5Gly,302.0,420.0,468.0,196.0,61.0,26.0,73.0,63.0
urn:mavedb:00000011-a-1#214,c.[13T>G;14C>G;15T>C],NA,p.Ser5Gly,316.0,386.0,468.0,200.0,67.0,30.0,86.0,80.0
urn:mavedb:00000011-a-1#215,c.[13T>G;14C>G;15T>G],NA,p.Ser5Gly,1566.0,1997.0,2152.0,969.0,341.0,176.0,429.0,369.0
urn:mavedb:00000011-a-1#216,c.[13T>G;14C>G;15=],NA,p.Ser5Gly,294.0,384.0,393.0,219.0,50.0,31.0,81.0,68.0
urn:mavedb:00000011-a-1#217,c.[13T>G;14C>T;15T>A],NA,p.Ser5Val,450.0,134.0,43.0,13.0,5.0,1.0,8.0,5.0
urn:mavedb:00000011-a-1#218,c.[13T>G;14C>T;15T>C],NA,p.Ser5Val,118.0,56.0,13.0,4.0,NA,1.0,NA,2.0
urn:mavedb:00000011-a-1#219,c.[13T>G;14C>T;15T>G],NA,p.Ser5Val,234.0,84.0,22.0,16.0,6.0,3.0,4.0,3.0
urn:mavedb:00000011-a-1#220,c.[13T>G;14C>T;15=],NA,p.Ser5Val,541.0,177.0,38.0,14.0,3.0,4.0,10.0,6.0
urn:mavedb:00000011-a-1#221,c.[13=;14C>A;15T>A],NA,p.Ser5Ter,1170.0,490.0,129.0,40.0,26.0,27.0,63.0,51.0
urn:mavedb:00000011-a-1#222,c.[13=;14C>A;15T>C],NA,p.Ser5Tyr,651.0,168.0,34.0,15.0,8.0,2.0,11.0,8.0
urn:mavedb:00000011-a-1#223,c.[1C>A;2=;3A>G],NA,p.Gln1Lys,465.0,295.0,501.0,807.0,973.0,825.0,4014.0,4054.0
urn:mavedb:00000011-a-1#224,c.[1=;2A>T;3A>G],NA,p.Gln1Leu,407.0,255.0,398.0,670.0,750.0,611.0,2818.0,3049.0
urn:mavedb:00000011-a-1#225,c.[13=;14C>A;15T>G],NA,p.Ser5Ter,477.0,189.0,33.0,18.0,16.0,8.0,17.0,21.0
urn:mavedb:00000011-a-1#226,c.[13=;14C>A;15=],NA,p.Ser5Tyr,851.0,182.0,50.0,18.0,5.0,8.0,34.0,47.0
urn:mavedb:00000011-a-1#227,c.[13=;14=;15T>A],NA,p.Ser5=,697.0,807.0,1394.0,2435.0,2571.0,2033.0,10109.0,11240.0
urn:mavedb:00000011-a-1#228,c.[13=;14=;15T>C],NA,p.Ser5=,803.0,1184.0,1856.0,3260.0,3330.0,2535.0,12802.0,14136.0
urn:mavedb:00000011-a-1#229,c.[13=;14=;15T>G],NA,p.Ser5=,232.0,301.0,521.0,891.0,826.0,635.0,3456.0,3614.0
urn:mavedb:00000011-a-1#230,c.[13=;14=;15=],NA,p.Ser5=,7082.0,7519.0,11639.0,19072.0,19303.0,15353.0,72229.0,81490.0
urn:mavedb:00000011-a-1#231,c.[13=;14C>G;15T>A],NA,p.Ser5Ter,627.0,240.0,80.0,34.0,10.0,6.0,30.0,24.0
urn:mavedb:00000011-a-1#232,c.[13=;14C>G;15T>C],NA,p.Ser5Cys,265.0,244.0,53.0,11.0,5.0,2.0,4.0,8.0
urn:mavedb:00000011-a-1#233,c.[13=;14C>G;15T>G],NA,p.Ser5Trp,631.0,184.0,50.0,13.0,6.0,4.0,8.0,8.0
urn:mavedb:00000011-a-1#234,c.[13=;14C>G;15=],NA,p.Ser5Cys,763.0,678.0,178.0,57.0,20.0,8.0,36.0,19.0
urn:mavedb:00000011-a-1#235,c.[1=;2A>T;3A>T],NA,p.Gln1Leu,122.0,88.0,132.0,200.0,274.0,224.0,1414.0,1584.0
urn:mavedb:00000011-a-1#236,c.[13=;14C>T;15T>A],NA,p.Ser5Leu,606.0,128.0,34.0,16.0,3.0,6.0,11.0,10.0
urn:mavedb:00000011-a-1#237,c.[13=;14C>T;15T>C],NA,p.Ser5Phe,278.0,56.0,22.0,5.0,1.0,1.0,8.0,1.0
urn:mavedb:00000011-a-1#238,c.[13=;14C>T;15T>G],NA,p.Ser5Leu,513.0,135.0,30.0,8.0,4.0,1.0,11.0,8.0
urn:mavedb:00000011-a-1#239,c.[13=;14C>T;15=],NA,p.Ser5Phe,346.0,88.0,14.0,8.0,6.0,5.0,17.0,6.0
urn:mavedb:00000011-a-1#240,c.[16G>A;17C>A;18T>A],NA,p.Ala6Lys,438.0,233.0,71.0,18.0,6.0,3.0,3.0,6.0
urn:mavedb:00000011-a-1#241,c.[16G>A;17C>A;18T>C],NA,p.Ala6Asn,494.0,401.0,106.0,32.0,12.0,7.0,14.0,12.0
urn:mavedb:00000011-a-1#242,c.[16G>A;17C>A;18T>G],NA,p.Ala6Lys,345.0,183.0,42.0,17.0,1.0,2.0,2.0,4.0
urn:mavedb:00000011-a-1#243,c.[16G>A;17C>A;18=],NA,p.Ala6Asn,535.0,401.0,107.0,31.0,12.0,5.0,20.0,14.0
urn:mavedb:00000011-a-1#244,c.[16G>A;17=;18T>A],NA,p.Ala6Thr,290.0,224.0,57.0,21.0,6.0,4.0,10.0,12.0
urn:mavedb:00000011-a-1#245,c.[16G>A;17=;18T>C],NA,p.Ala6Thr,237.0,166.0,40.0,9.0,8.0,2.0,6.0,8.0
urn:mavedb:00000011-a-1#246,c.[1C>G;2=;3=],NA,p.Gln1Glu,258.0,177.0,225.0,413.0,411.0,268.0,1292.0,1283.0
urn:mavedb:00000011-a-1#247,c.[16G>A;17=;18T>G],NA,p.Ala6Thr,375.0,240.0,53.0,26.0,6.0,4.0,12.0,7.0
urn:mavedb:00000011-a-1#248,c.[16G>A;17=;18=],NA,p.Ala6Thr,356.0,260.0,71.0,17.0,6.0,7.0,28.0,36.0
urn:mavedb:00000011-a-1#249,c.[16G>A;17C>G;18T>A],NA,p.Ala6Arg,523.0,457.0,169.0,44.0,9.0,7.0,19.0,8.0
urn:mavedb:00000011-a-1#250,c.[16G>A;17C>G;18T>C],NA,p.Ala6Ser,373.0,389.0,557.0,742.0,568.0,394.0,1721.0,1883.0
urn:mavedb:00000011-a-1#251,c.[16G>A;17C>G;18T>G],NA,p.Ala6Arg,449.0,363.0,115.0,31.0,6.0,8.0,3.0,12.0
urn:mavedb:00000011-a-1#252,c.[16G>A;17C>G;18=],NA,p.Ala6Ser,408.0,462.0,692.0,846.0,673.0,440.0,2085.0,2178.0
urn:mavedb:00000011-a-1#253,c.[16G>A;17C>T;18T>A],NA,p.Ala6Ile,420.0,316.0,72.0,15.0,9.0,6.0,10.0,15.0
urn:mavedb:00000011-a-1#254,c.[16G>A;17C>T;18T>C],NA,p.Ala6Ile,336.0,233.0,53.0,17.0,6.0,3.0,6.0,7.0
urn:mavedb:00000011-a-1#255,c.[16G>A;17C>T;18T>G],NA,p.Ala6Met,371.0,239.0,67.0,10.0,3.0,6.0,17.0,10.0
urn:mavedb:00000011-a-1#256,c.[16G>A;17C>T;18=],NA,p.Ala6Ile,480.0,331.0,71.0,17.0,7.0,1.0,10.0,9.0
urn:mavedb:00000011-a-1#257,c.[1C>G;2=;3A>C],NA,p.Gln1Asp,56.0,48.0,58.0,26.0,9.0,6.0,7.0,5.0
urn:mavedb:00000011-a-1#258,c.[16G>C;17C>A;18T>A],NA,p.Ala6Gln,286.0,228.0,79.0,26.0,3.0,2.0,4.0,1.0
urn:mavedb:00000011-a-1#259,c.[16G>C;17C>A;18T>C],NA,p.Ala6His,458.0,437.0,146.0,35.0,13.0,7.0,12.0,5.0
urn:mavedb:00000011-a-1#260,c.[16G>C;17C>A;18T>G],NA,p.Ala6Gln,308.0,294.0,94.0,29.0,8.0,3.0,6.0,4.0
urn:mavedb:00000011-a-1#261,c.[16G>C;17C>A;18=],NA,p.Ala6His,364.0,313.0,91.0,27.0,9.0,1.0,6.0,9.0
urn:mavedb:00000011-a-1#262,c.[16G>C;17=;18T>A],NA,p.Ala6Pro,196.0,207.0,298.0,137.0,55.0,25.0,114.0,87.0
urn:mavedb:00000011-a-1#263,c.[16G>C;17=;18T>C],NA,p.Ala6Pro,1653.0,1708.0,2064.0,1292.0,458.0,301.0,1060.0,798.0
urn:mavedb:00000011-a-1#264,c.[16G>C;17=;18T>G],NA,p.Ala6Pro,853.0,923.0,1214.0,643.0,275.0,140.0,538.0,433.0
urn:mavedb:00000011-a-1#265,c.[16G>C;17=;18=],NA,p.Ala6Pro,574.0,674.0,710.0,445.0,202.0,108.0,405.0,353.0
urn:mavedb:00000011-a-1#266,c.[16G>C;17C>G;18T>A],NA,p.Ala6Arg,370.0,308.0,124.0,26.0,17.0,4.0,20.0,10.0
urn:mavedb:00000011-a-1#267,c.[16G>C;17C>G;18T>C],NA,p.Ala6Arg,831.0,798.0,252.0,60.0,19.0,14.0,33.0,21.0
urn:mavedb:00000011-a-1#268,c.[1C>G;2=;3A>G],NA,p.Gln1Glu,207.0,119.0,217.0,351.0,265.0,214.0,904.0,980.0
urn:mavedb:00000011-a-1#269,c.[16G>C;17C>G;18T>G],NA,p.Ala6Arg,702.0,653.0,200.0,51.0,8.0,7.0,24.0,16.0
urn:mavedb:00000011-a-1#270,c.[16G>C;17C>G;18=],NA,p.Ala6Arg,487.0,398.0,150.0,51.0,7.0,8.0,15.0,12.0
urn:mavedb:00000011-a-1#271,c.[16G>C;17C>T;18T>A],NA,p.Ala6Leu,367.0,217.0,41.0,17.0,2.0,3.0,5.0,6.0
urn:mavedb:00000011-a-1#272,c.[16G>C;17C>T;18T>C],NA,p.Ala6Leu,318.0,164.0,42.0,9.0,6.0,4.0,5.0,4.0
urn:mavedb:00000011-a-1#273,c.[16G>C;17C>T;18T>G],NA,p.Ala6Leu,400.0,230.0,64.0,16.0,3.0,3.0,11.0,9.0
urn:mavedb:00000011-a-1#274,c.[16G>C;17C>T;18=],NA,p.Ala6Leu,374.0,204.0,47.0,15.0,4.0,4.0,8.0,9.0
urn:mavedb:00000011-a-1#275,c.[16=;17C>A;18T>A],NA,p.Ala6Glu,504.0,155.0,43.0,7.0,6.0,4.0,6.0,7.0
urn:mavedb:00000011-a-1#276,c.[16=;17C>A;18T>C],NA,p.Ala6Asp,276.0,88.0,12.0,5.0,6.0,6.0,7.0,4.0
urn:mavedb:00000011-a-1#277,c.[16=;17C>A;18T>G],NA,p.Ala6Glu,392.0,107.0,24.0,6.0,3.0,3.0,3.0,6.0
urn:mavedb:00000011-a-1#278,c.[16=;17C>A;18=],NA,p.Ala6Asp,425.0,111.0,24.0,13.0,7.0,3.0,14.0,16.0
urn:mavedb:00000011-a-1#279,c.[1C>G;2=;3A>T],NA,p.Gln1Asp,111.0,58.0,69.0,40.0,5.0,3.0,12.0,12.0
urn:mavedb:00000011-a-1#280,c.[16=;17=;18T>A],NA,p.Ala6=,461.0,550.0,899.0,1444.0,1550.0,1195.0,6195.0,6633.0
urn:mavedb:00000011-a-1#281,c.[16=;17=;18T>C],NA,p.Ala6=,770.0,828.0,1413.0,2495.0,2461.0,1968.0,9544.0,10633.0
urn:mavedb:00000011-a-1#282,c.[16=;17=;18T>G],NA,p.Ala6=,957.0,1028.0,1849.0,3008.0,2985.0,2452.0,12067.0,13079.0
urn:mavedb:00000011-a-1#283,c.[16=;17=;18=],NA,p.Ala6=,7082.0,7519.0,11639.0,19072.0,19303.0,15353.0,72229.0,81490.0
urn:mavedb:00000011-a-1#284,c.[16=;17C>G;18T>A],NA,p.Ala6Gly,333.0,377.0,449.0,286.0,127.0,70.0,199.0,176.0
urn:mavedb:00000011-a-1#285,c.[16=;17C>G;18T>C],NA,p.Ala6Gly,839.0,1017.0,1194.0,774.0,278.0,172.0,509.0,449.0
urn:mavedb:00000011-a-1#286,c.[16=;17C>G;18T>G],NA,p.Ala6Gly,3006.0,3285.0,4203.0,2584.0,991.0,578.0,1678.0,1406.0
urn:mavedb:00000011-a-1#287,c.[16=;17C>G;18=],NA,p.Ala6Gly,924.0,927.0,1314.0,809.0,313.0,173.0,632.0,572.0
urn:mavedb:00000011-a-1#288,c.[16=;17C>T;18T>A],NA,p.Ala6Val,190.0,185.0,70.0,22.0,6.0,3.0,9.0,2.0
urn:mavedb:00000011-a-1#289,c.[16=;17C>T;18T>C],NA,p.Ala6Val,411.0,376.0,105.0,42.0,11.0,6.0,18.0,11.0
urn:mavedb:00000011-a-1#290,c.[1C>G;2A>C;3=],NA,p.Gln1Ala,60.0,45.0,90.0,132.0,141.0,109.0,400.0,466.0
urn:mavedb:00000011-a-1#291,c.[16=;17C>T;18T>G],NA,p.Ala6Val,527.0,523.0,161.0,43.0,17.0,8.0,19.0,20.0
urn:mavedb:00000011-a-1#292,c.[16=;17C>T;18=],NA,p.Ala6Val,615.0,615.0,187.0,69.0,23.0,17.0,35.0,34.0
urn:mavedb:00000011-a-1#293,c.[16G>T;17C>A;18T>A],NA,p.Ala6Ter,489.0,196.0,50.0,21.0,3.0,7.0,16.0,14.0
urn:mavedb:00000011-a-1#294,c.[16G>T;17C>A;18T>C],NA,p.Ala6Tyr,323.0,195.0,49.0,30.0,7.0,10.0,30.0,21.0
urn:mavedb:00000011-a-1#295,c.[16G>T;17C>A;18T>G],NA,p.Ala6Ter,546.0,199.0,62.0,24.0,11.0,8.0,17.0,16.0
urn:mavedb:00000011-a-1#296,c.[16G>T;17C>A;18=],NA,p.Ala6Tyr,544.0,333.0,87.0,23.0,11.0,2.0,10.0,13.0
urn:mavedb:00000011-a-1#297,c.[16G>T;17=;18T>A],NA,p.Ala6Ser,394.0,428.0,609.0,775.0,602.0,400.0,2008.0,2078.0
urn:mavedb:00000011-a-1#298,c.[16G>T;17=;18T>C],NA,p.Ala6Ser,314.0,394.0,577.0,698.0,480.0,359.0,1611.0,1676.0
urn:mavedb:00000011-a-1#299,c.[16G>T;17=;18T>G],NA,p.Ala6Ser,229.0,280.0,435.0,489.0,382.0,260.0,1264.0,1248.0
urn:mavedb:00000011-a-1#300,c.[16G>T;17=;18=],NA,p.Ala6Ser,381.0,317.0,565.0,646.0,499.0,352.0,1502.0,1526.0
urn:mavedb:00000011-a-1#301,c.[1C>G;2A>C;3A>C],NA,p.Gln1Ala,338.0,259.0,421.0,666.0,577.0,484.0,2397.0,2586.0
urn:mavedb:00000011-a-1#302,c.[16G>T;17C>G;18T>A],NA,p.Ala6Ter,199.0,75.0,17.0,6.0,4.0,1.0,7.0,12.0
urn:mavedb:00000011-a-1#303,c.[16G>T;17C>G;18T>C],NA,p.Ala6Cys,433.0,407.0,284.0,102.0,36.0,35.0,45.0,53.0
urn:mavedb:00000011-a-1#304,c.[16G>T;17C>G;18T>G],NA,p.Ala6Trp,570.0,361.0,97.0,36.0,6.0,8.0,4.0,9.0
urn:mavedb:00000011-a-1#305,c.[16G>T;17C>G;18=],NA,p.Ala6Cys,783.0,736.0,491.0,150.0,39.0,19.0,43.0,30.0
urn:mavedb:00000011-a-1#306,c.[16G>T;17C>T;18T>A],NA,p.Ala6Leu,298.0,180.0,45.0,13.0,6.0,5.0,3.0,2.0
urn:mavedb:00000011-a-1#307,c.[16G>T;17C>T;18T>C],NA,p.Ala6Phe,106.0,45.0,12.0,4.0,NA,NA,2.0,4.0
urn:mavedb:00000011-a-1#308,c.[16G>T;17C>T;18T>G],NA,p.Ala6Leu,248.0,111.0,32.0,7.0,2.0,NA,8.0,3.0
urn:mavedb:00000011-a-1#309,c.[16G>T;17C>T;18=],NA,p.Ala6Phe,304.0,158.0,39.0,9.0,1.0,3.0,7.0,2.0
urn:mavedb:00000011-a-1#310,c.[19=;20=;21T>A],NA,p.Asn7Lys,582.0,546.0,200.0,59.0,22.0,8.0,23.0,14.0
urn:mavedb:00000011-a-1#311,c.[19=;20=;21T>C],NA,p.Asn7=,4196.0,4775.0,5117.0,6681.0,5204.0,4552.0,12898.0,14433.0
urn:mavedb:00000011-a-1#312,c.[1C>G;2A>C;3A>G],NA,p.Gln1Ala,561.0,401.0,667.0,1086.0,1003.0,815.0,4008.0,4043.0
urn:mavedb:00000011-a-1#313,c.[19=;20=;21T>G],NA,p.Asn7Lys,501.0,515.0,185.0,40.0,15.0,6.0,15.0,16.0
urn:mavedb:00000011-a-1#314,c.[19=;20=;21=],NA,p.Asn7=,7082.0,7519.0,11639.0,19072.0,19303.0,15353.0,72229.0,81490.0
urn:mavedb:00000011-a-1#315,c.[19=;20A>C;21T>A],NA,p.Asn7Thr,353.0,368.0,640.0,900.0,728.0,556.0,2418.0,2601.0
urn:mavedb:00000011-a-1#316,c.[19=;20A>C;21T>C],NA,p.Asn7Thr,501.0,618.0,908.0,1347.0,976.0,764.0,3411.0,3673.0
urn:mavedb:00000011-a-1#317,c.[19=;20A>C;21T>G],NA,p.Asn7Thr,261.0,336.0,471.0,707.0,578.0,438.0,1946.0,1877.0
urn:mavedb:00000011-a-1#318,c.[19=;20A>C;21=],NA,p.Asn7Thr,367.0,438.0,688.0,973.0,865.0,770.0,4120.0,5548.0
urn:mavedb:00000011-a-1#319,c.[19=;20A>G;21T>A],NA,p.Asn7Arg,409.0,500.0,759.0,882.0,616.0,463.0,2315.0,2099.0
urn:mavedb:00000011-a-1#320,c.[19=;20A>G;21T>C],NA,p.Asn7Ser,320.0,437.0,681.0,789.0,527.0,369.0,1746.0,1757.0
urn:mavedb:00000011-a-1#321,c.[19=;20A>G;21T>G],NA,p.Asn7Arg,447.0,535.0,762.0,909.0,695.0,558.0,2350.0,2216.0
urn:mavedb:00000011-a-1#322,c.[19=;20A>G;21=],NA,p.Asn7Ser,365.0,376.0,615.0,680.0,513.0,393.0,1471.0,1598.0
urn:mavedb:00000011-a-1#323,c.[1C>G;2A>C;3A>T],NA,p.Gln1Ala,197.0,104.0,167.0,303.0,265.0,212.0,1168.0,1289.0
urn:mavedb:00000011-a-1#324,c.[19=;20A>T;21T>A],NA,p.Asn7Ile,723.0,778.0,360.0,116.0,22.0,20.0,22.0,28.0
urn:mavedb:00000011-a-1#325,c.[19=;20A>T;21T>C],NA,p.Asn7Ile,297.0,276.0,133.0,37.0,14.0,8.0,6.0,12.0
urn:mavedb:00000011-a-1#326,c.[19=;20A>T;21T>G],NA,p.Asn7Met,462.0,501.0,789.0,698.0,414.0,294.0,1304.0,1225.0
urn:mavedb:00000011-a-1#327,c.[19=;20A>T;21=],NA,p.Asn7Ile,459.0,408.0,218.0,52.0,13.0,7.0,17.0,21.0
urn:mavedb:00000011-a-1#328,c.[19A>C;20=;21T>A],NA,p.Asn7Gln,363.0,439.0,595.0,499.0,239.0,216.0,712.0,635.0
urn:mavedb:00000011-a-1#329,c.[19A>C;20=;21T>C],NA,p.Asn7His,424.0,453.0,757.0,1033.0,809.0,602.0,2601.0,2539.0
urn:mavedb:00000011-a-1#330,c.[19A>C;20=;21T>G],NA,p.Asn7Gln,372.0,460.0,722.0,594.0,273.0,204.0,800.0,765.0
urn:mavedb:00000011-a-1#331,c.[19A>C;20=;21=],NA,p.Asn7His,386.0,376.0,602.0,902.0,679.0,491.0,2169.0,2268.0
urn:mavedb:00000011-a-1#332,c.[19A>C;20A>C;21T>A],NA,p.Asn7Pro,280.0,244.0,155.0,47.0,15.0,6.0,12.0,12.0
urn:mavedb:00000011-a-1#333,c.[19A>C;20A>C;21T>C],NA,p.Asn7Pro,2264.0,2519.0,1363.0,396.0,105.0,48.0,100.0,77.0
urn:mavedb:00000011-a-1#334,c.[1C>A;2=;3A>T],NA,p.Gln1Asn,474.0,270.0,395.0,582.0,498.0,371.0,1891.0,1825.0
urn:mavedb:00000011-a-1#335,c.[1C>G;2A>G;3=],NA,p.Gln1Gly,124.0,89.0,88.0,43.0,15.0,3.0,13.0,11.0
urn:mavedb:00000011-a-1#336,c.[19A>C;20A>C;21T>G],NA,p.Asn7Pro,307.0,326.0,213.0,52.0,17.0,8.0,13.0,13.0
urn:mavedb:00000011-a-1#337,c.[19A>C;20A>C;21=],NA,p.Asn7Pro,260.0,281.0,182.0,45.0,12.0,5.0,14.0,10.0
urn:mavedb:00000011-a-1#338,c.[19A>C;20A>G;21T>A],NA,p.Asn7Arg,222.0,283.0,385.0,454.0,318.0,255.0,1199.0,1136.0
urn:mavedb:00000011-a-1#339,c.[19A>C;20A>G;21T>C],NA,p.Asn7Arg,604.0,697.0,907.0,1124.0,851.0,675.0,2890.0,2669.0
urn:mavedb:00000011-a-1#340,c.[19A>C;20A>G;21T>G],NA,p.Asn7Arg,542.0,553.0,760.0,965.0,684.0,561.0,2558.0,2289.0
urn:mavedb:00000011-a-1#341,c.[19A>C;20A>G;21=],NA,p.Asn7Arg,325.0,358.0,544.0,621.0,421.0,338.0,1634.0,1477.0
urn:mavedb:00000011-a-1#342,c.[19A>C;20A>T;21T>A],NA,p.Asn7Leu,284.0,305.0,273.0,88.0,17.0,12.0,21.0,20.0
urn:mavedb:00000011-a-1#343,c.[19A>C;20A>T;21T>C],NA,p.Asn7Leu,348.0,358.0,345.0,129.0,40.0,21.0,60.0,40.0
urn:mavedb:00000011-a-1#344,c.[19A>C;20A>T;21T>G],NA,p.Asn7Leu,298.0,327.0,277.0,91.0,36.0,18.0,38.0,28.0
urn:mavedb:00000011-a-1#345,c.[19A>C;20A>T;21=],NA,p.Asn7Leu,284.0,339.0,311.0,79.0,29.0,24.0,22.0,20.0
urn:mavedb:00000011-a-1#346,c.[1C>G;2A>G;3A>C],NA,p.Gln1Gly,367.0,310.0,225.0,70.0,16.0,8.0,27.0,22.0
urn:mavedb:00000011-a-1#347,c.[19A>G;20=;21T>A],NA,p.Asn7Glu,352.0,235.0,83.0,24.0,9.0,8.0,8.0,8.0
urn:mavedb:00000011-a-1#348,c.[19A>G;20=;21T>C],NA,p.Asn7Asp,299.0,236.0,67.0,17.0,8.0,7.0,14.0,13.0
urn:mavedb:00000011-a-1#349,c.[19A>G;20=;21T>G],NA,p.Asn7Glu,446.0,329.0,96.0,32.0,7.0,15.0,18.0,21.0
urn:mavedb:00000011-a-1#350,c.[19A>G;20=;21=],NA,p.Asn7Asp,380.0,230.0,84.0,19.0,7.0,11.0,30.0,32.0
urn:mavedb:00000011-a-1#351,c.[19A>G;20A>C;21T>A],NA,p.Asn7Ala,372.0,400.0,526.0,338.0,117.0,73.0,263.0,172.0
urn:mavedb:00000011-a-1#352,c.[19A>G;20A>C;21T>C],NA,p.Asn7Ala,522.0,624.0,845.0,567.0,208.0,124.0,426.0,349.0
urn:mavedb:00000011-a-1#353,c.[19A>G;20A>C;21T>G],NA,p.Asn7Ala,605.0,608.0,811.0,567.0,206.0,123.0,511.0,433.0
urn:mavedb:00000011-a-1#354,c.[19A>G;20A>C;21=],NA,p.Asn7Ala,426.0,497.0,669.0,419.0,155.0,119.0,348.0,281.0
urn:mavedb:00000011-a-1#355,c.[19A>G;20A>G;21T>A],NA,p.Asn7Gly,506.0,597.0,596.0,281.0,84.0,40.0,112.0,115.0
urn:mavedb:00000011-a-1#356,c.[19A>G;20A>G;21T>C],NA,p.Asn7Gly,984.0,1050.0,1087.0,521.0,147.0,86.0,214.0,175.0
urn:mavedb:00000011-a-1#357,c.[1C>G;2A>G;3A>G],NA,p.Gln1Gly,412.0,298.0,209.0,83.0,28.0,15.0,37.0,38.0
urn:mavedb:00000011-a-1#358,c.[19A>G;20A>G;21T>G],NA,p.Asn7Gly,4525.0,4933.0,5219.0,2529.0,755.0,346.0,922.0,774.0
urn:mavedb:00000011-a-1#359,c.[19A>G;20A>G;21=],NA,p.Asn7Gly,693.0,730.0,816.0,356.0,106.0,58.0,132.0,99.0
urn:mavedb:00000011-a-1#360,c.[19A>G;20A>T;21T>A],NA,p.Asn7Val,479.0,492.0,385.0,87.0,18.0,18.0,25.0,13.0
urn:mavedb:00000011-a-1#361,c.[19A>G;20A>T;21T>C],NA,p.Asn7Val,246.0,258.0,212.0,51.0,8.0,7.0,8.0,14.0
urn:mavedb:00000011-a-1#362,c.[19A>G;20A>T;21T>G],NA,p.Asn7Val,616.0,713.0,531.0,134.0,36.0,21.0,39.0,30.0
urn:mavedb:00000011-a-1#363,c.[19A>G;20A>T;21=],NA,p.Asn7Val,267.0,346.0,240.0,81.0,14.0,17.0,23.0,13.0
urn:mavedb:00000011-a-1#364,c.[19A>T;20=;21T>A],NA,p.Asn7Ter,526.0,194.0,65.0,20.0,13.0,8.0,15.0,10.0
urn:mavedb:00000011-a-1#365,c.[19A>T;20=;21T>C],NA,p.Asn7Tyr,456.0,535.0,805.0,1285.0,1030.0,822.0,3751.0,4090.0
urn:mavedb:00000011-a-1#366,c.[19A>T;20=;21T>G],NA,p.Asn7Ter,291.0,123.0,43.0,12.0,3.0,4.0,8.0,10.0
urn:mavedb:00000011-a-1#367,c.[19A>T;20=;21=],NA,p.Asn7Tyr,803.0,950.0,1455.0,2057.0,1831.0,1377.0,6616.0,7120.0
urn:mavedb:00000011-a-1#368,c.[1C>G;2A>G;3A>T],NA,p.Gln1Gly,88.0,39.0,27.0,9.0,3.0,NA,4.0,2.0
urn:mavedb:00000011-a-1#369,c.[19A>T;20A>C;21T>A],NA,p.Asn7Ser,480.0,481.0,771.0,924.0,662.0,461.0,2362.0,2377.0
urn:mavedb:00000011-a-1#370,c.[19A>T;20A>C;21T>C],NA,p.Asn7Ser,273.0,294.0,467.0,552.0,360.0,279.0,1382.0,1315.0
urn:mavedb:00000011-a-1#371,c.[19A>T;20A>C;21T>G],NA,p.Asn7Ser,328.0,361.0,543.0,683.0,456.0,370.0,1655.0,1601.0
urn:mavedb:00000011-a-1#372,c.[19A>T;20A>C;21=],NA,p.Asn7Ser,479.0,477.0,787.0,907.0,622.0,501.0,2162.0,2208.0
urn:mavedb:00000011-a-1#373,c.[19A>T;20A>G;21T>A],NA,p.Asn7Ter,312.0,126.0,52.0,12.0,4.0,3.0,13.0,7.0
urn:mavedb:00000011-a-1#374,c.[19A>T;20A>G;21T>C],NA,p.Asn7Cys,261.0,318.0,355.0,165.0,60.0,33.0,76.0,53.0
urn:mavedb:00000011-a-1#375,c.[19A>T;20A>G;21T>G],NA,p.Asn7Trp,722.0,764.0,1055.0,1021.0,542.0,387.0,1414.0,1320.0
urn:mavedb:00000011-a-1#376,c.[19A>T;20A>G;21=],NA,p.Asn7Cys,403.0,388.0,441.0,243.0,63.0,50.0,81.0,83.0
urn:mavedb:00000011-a-1#377,c.[19A>T;20A>T;21T>A],NA,p.Asn7Leu,476.0,495.0,427.0,122.0,36.0,23.0,35.0,23.0
urn:mavedb:00000011-a-1#378,c.[19A>T;20A>T;21T>C],NA,p.Asn7Phe,498.0,520.0,755.0,858.0,599.0,486.0,2030.0,2213.0
urn:mavedb:00000011-a-1#379,c.[1C>G;2A>T;3=],NA,p.Gln1Val,214.0,157.0,222.0,429.0,441.0,353.0,1580.0,1784.0
urn:mavedb:00000011-a-1#380,c.[19A>T;20A>T;21T>G],NA,p.Asn7Leu,427.0,443.0,412.0,137.0,39.0,19.0,37.0,36.0
urn:mavedb:00000011-a-1#381,c.[19A>T;20A>T;21=],NA,p.Asn7Phe,633.0,672.0,1063.0,1365.0,1018.0,802.0,4618.0,4883.0
urn:mavedb:00000011-a-1#382,c.[22=;23T>A;24G>A],NA,p.Met8Lys,396.0,351.0,176.0,41.0,16.0,8.0,19.0,15.0
urn:mavedb:00000011-a-1#383,c.[22=;23T>A;24G>C],NA,p.Met8Asn,287.0,282.0,95.0,26.0,9.0,9.0,10.0,8.0
urn:mavedb:00000011-a-1#384,c.[22=;23T>A;24=],NA,p.Met8Lys,428.0,444.0,242.0,83.0,23.0,10.0,23.0,32.0
urn:mavedb:00000011-a-1#385,c.[22=;23T>A;24G>T],NA,p.Met8Asn,334.0,261.0,79.0,20.0,7.0,4.0,9.0,13.0
urn:mavedb:00000011-a-1#386,c.[22=;23T>C;24G>A],NA,p.Met8Thr,210.0,213.0,297.0,256.0,163.0,98.0,384.0,420.0
urn:mavedb:00000011-a-1#387,c.[22=;23T>C;24G>C],NA,p.Met8Thr,340.0,351.0,561.0,459.0,240.0,183.0,725.0,696.0
urn:mavedb:00000011-a-1#388,c.[22=;23T>C;24=],NA,p.Met8Thr,519.0,626.0,896.0,790.0,476.0,314.0,1230.0,1274.0
urn:mavedb:00000011-a-1#389,c.[22=;23T>C;24G>T],NA,p.Met8Thr,704.0,793.0,1179.0,1055.0,527.0,398.0,1604.0,1533.0
urn:mavedb:00000011-a-1#390,c.[1C>G;2A>T;3A>C],NA,p.Gln1Val,104.0,84.0,124.0,265.0,245.0,174.0,926.0,998.0
urn:mavedb:00000011-a-1#391,c.[22=;23T>G;24G>A],NA,p.Met8Arg,546.0,612.0,291.0,82.0,29.0,15.0,28.0,37.0
urn:mavedb:00000011-a-1#392,c.[22=;23T>G;24G>C],NA,p.Met8Ser,424.0,492.0,215.0,61.0,12.0,10.0,25.0,15.0
urn:mavedb:00000011-a-1#393,c.[22=;23T>G;24=],NA,p.Met8Arg,952.0,1064.0,567.0,160.0,55.0,32.0,81.0,48.0
urn:mavedb:00000011-a-1#394,c.[22=;23T>G;24G>T],NA,p.Met8Ser,200.0,224.0,87.0,29.0,7.0,7.0,7.0,4.0
urn:mavedb:00000011-a-1#395,c.[22=;23=;24G>A],NA,p.Met8Ile,198.0,273.0,330.0,363.0,277.0,189.0,876.0,841.0
urn:mavedb:00000011-a-1#396,c.[22=;23=;24G>C],NA,p.Met8Ile,122.0,139.0,199.0,253.0,161.0,103.0,493.0,502.0
urn:mavedb:00000011-a-1#397,c.[22=;23=;24=],NA,p.Met8=,7082.0,7519.0,11639.0,19072.0,19303.0,15353.0,72229.0,81490.0
urn:mavedb:00000011-a-1#398,c.[22=;23=;24G>T],NA,p.Met8Ile,130.0,158.0,228.0,261.0,186.0,164.0,574.0,568.0
urn:mavedb:00000011-a-1#399,c.[22A>C;23T>A;24G>A],NA,p.Met8Gln,348.0,369.0,586.0,1209.0,1566.0,1175.0,6699.0,8307.0
urn:mavedb:00000011-a-1#400,c.[22A>C;23T>A;24G>C],NA,p.Met8His,394.0,508.0,348.0,115.0,34.0,15.0,43.0,29.0
urn:mavedb:00000011-a-1#401,c.[1C>G;2A>T;3A>G],NA,p.Gln1Val,84.0,41.0,71.0,144.0,113.0,101.0,406.0,401.0
urn:mavedb:00000011-a-1#402,c.[22A>C;23T>A;24=],NA,p.Met8Gln,570.0,619.0,1065.0,2288.0,2931.0,2254.0,12418.0,14993.0
urn:mavedb:00000011-a-1#403,c.[22A>C;23T>A;24G>T],NA,p.Met8His,264.0,343.0,211.0,76.0,19.0,10.0,22.0,19.0
urn:mavedb:00000011-a-1#404,c.[22A>C;23T>C;24G>A],NA,p.Met8Pro,335.0,90.0,29.0,9.0,2.0,2.0,7.0,2.0
urn:mavedb:00000011-a-1#405,c.[22A>C;23T>C;24G>C],NA,p.Met8Pro,1145.0,419.0,101.0,30.0,10.0,14.0,30.0,12.0
urn:mavedb:00000011-a-1#406,c.[22A>C;23T>C;24G>T],NA,p.Met8Pro,502.0,151.0,26.0,13.0,6.0,4.0,12.0,7.0
urn:mavedb:00000011-a-1#407,c.[22A>C;23T>G;24G>A],NA,p.Met8Arg,658.0,815.0,387.0,105.0,38.0,19.0,40.0,22.0
urn:mavedb:00000011-a-1#408,c.[22A>C;23T>G;24G>C],NA,p.Met8Arg,1114.0,1184.0,581.0,187.0,56.0,20.0,82.0,54.0
urn:mavedb:00000011-a-1#409,c.[22A>C;23T>G;24=],NA,p.Met8Arg,1224.0,1363.0,707.0,205.0,52.0,39.0,86.0,66.0
urn:mavedb:00000011-a-1#410,c.[22A>C;23T>G;24G>T],NA,p.Met8Arg,572.0,629.0,294.0,102.0,27.0,17.0,26.0,22.0
urn:mavedb:00000011-a-1#411,c.[22A>C;23=;24G>A],NA,p.Met8Leu,426.0,514.0,844.0,1000.0,743.0,554.0,2472.0,2536.0
urn:mavedb:00000011-a-1#412,c.[1C>G;2A>T;3A>T],NA,p.Gln1Val,81.0,55.0,71.0,122.0,152.0,119.0,768.0,790.0
urn:mavedb:00000011-a-1#413,c.[22A>C;23=;24G>C],NA,p.Met8Leu,436.0,501.0,840.0,983.0,677.0,468.0,2217.0,2123.0
urn:mavedb:00000011-a-1#414,c.[22A>C;23=;24=],NA,p.Met8Leu,545.0,665.0,1116.0,1337.0,949.0,695.0,2957.0,3114.0
urn:mavedb:00000011-a-1#415,c.[22A>C;23=;24G>T],NA,p.Met8Leu,509.0,624.0,964.0,1157.0,930.0,679.0,3085.0,3103.0
urn:mavedb:00000011-a-1#416,c.[22A>G;23T>A;24G>A],NA,p.Met8Glu,155.0,158.0,212.0,92.0,36.0,19.0,50.0,44.0
urn:mavedb:00000011-a-1#417,c.[22A>G;23T>A;24G>C],NA,p.Met8Asp,502.0,465.0,213.0,48.0,11.0,12.0,15.0,11.0
urn:mavedb:00000011-a-1#418,c.[22A>G;23T>A;24=],NA,p.Met8Glu,683.0,828.0,1027.0,477.0,169.0,105.0,274.0,225.0
urn:mavedb:00000011-a-1#419,c.[22A>G;23T>A;24G>T],NA,p.Met8Asp,304.0,308.0,128.0,33.0,8.0,9.0,10.0,5.0
urn:mavedb:00000011-a-1#420,c.[22A>G;23T>C;24G>A],NA,p.Met8Ala,318.0,363.0,480.0,329.0,132.0,84.0,234.0,213.0
urn:mavedb:00000011-a-1#421,c.[22A>G;23T>C;24G>C],NA,p.Met8Ala,1696.0,2275.0,3054.0,2137.0,795.0,469.0,1740.0,1473.0
urn:mavedb:00000011-a-1#422,c.[22A>G;23T>C;24=],NA,p.Met8Ala,1247.0,1565.0,2125.0,1554.0,554.0,338.0,1331.0,1239.0
urn:mavedb:00000011-a-1#423,c.[1C>T;2=;3=],NA,p.Gln1Ter,290.0,75.0,31.0,19.0,12.0,6.0,29.0,29.0
urn:mavedb:00000011-a-1#424,c.[22A>G;23T>C;24G>T],NA,p.Met8Ala,317.0,382.0,474.0,340.0,135.0,97.0,260.0,241.0
urn:mavedb:00000011-a-1#425,c.[22A>G;23T>G;24G>A],NA,p.Met8Gly,623.0,396.0,112.0,37.0,13.0,11.0,21.0,7.0
urn:mavedb:00000011-a-1#426,c.[22A>G;23T>G;24G>C],NA,p.Met8Gly,1214.0,844.0,225.0,66.0,32.0,14.0,37.0,33.0
urn:mavedb:00000011-a-1#427,c.[22A>G;23T>G;24=],NA,p.Met8Gly,3798.0,2871.0,775.0,212.0,77.0,59.0,97.0,99.0
urn:mavedb:00000011-a-1#428,c.[22A>G;23T>G;24G>T],NA,p.Met8Gly,770.0,500.0,148.0,30.0,22.0,10.0,27.0,13.0
urn:mavedb:00000011-a-1#429,c.[22A>G;23=;24G>A],NA,p.Met8Val,347.0,405.0,588.0,553.0,361.0,224.0,1132.0,994.0
urn:mavedb:00000011-a-1#430,c.[22A>G;23=;24G>C],NA,p.Met8Val,745.0,931.0,1401.0,1370.0,778.0,514.0,2389.0,2071.0
urn:mavedb:00000011-a-1#431,c.[22A>G;23=;24=],NA,p.Met8Val,898.0,1120.0,1739.0,1593.0,971.0,722.0,2829.0,2637.0
urn:mavedb:00000011-a-1#432,c.[22A>G;23=;24G>T],NA,p.Met8Val,398.0,455.0,731.0,715.0,460.0,295.0,1326.0,1252.0
urn:mavedb:00000011-a-1#433,c.[22A>T;23T>A;24G>A],NA,p.Met8Ter,348.0,122.0,39.0,12.0,8.0,3.0,4.0,7.0
urn:mavedb:00000011-a-1#434,c.[1C>T;2=;3A>C],NA,p.Gln1Tyr,125.0,75.0,127.0,193.0,173.0,136.0,609.0,639.0
urn:mavedb:00000011-a-1#435,c.[22A>T;23T>A;24G>C],NA,p.Met8Tyr,390.0,460.0,655.0,582.0,331.0,211.0,811.0,760.0
urn:mavedb:00000011-a-1#436,c.[22A>T;23T>A;24=],NA,p.Met8Ter,423.0,187.0,51.0,17.0,11.0,10.0,25.0,12.0
urn:mavedb:00000011-a-1#437,c.[22A>T;23T>A;24G>T],NA,p.Met8Tyr,384.0,447.0,607.0,571.0,317.0,242.0,883.0,829.0
urn:mavedb:00000011-a-1#438,c.[22A>T;23T>C;24G>A],NA,p.Met8Ser,286.0,319.0,125.0,42.0,14.0,6.0,11.0,9.0
urn:mavedb:00000011-a-1#439,c.[22A>T;23T>C;24G>C],NA,p.Met8Ser,403.0,551.0,222.0,49.0,21.0,8.0,21.0,22.0
urn:mavedb:00000011-a-1#440,c.[22A>T;23T>C;24=],NA,p.Met8Ser,304.0,354.0,131.0,36.0,15.0,5.0,21.0,10.0
urn:mavedb:00000011-a-1#441,c.[22A>T;23T>C;24G>T],NA,p.Met8Ser,236.0,194.0,94.0,23.0,7.0,7.0,16.0,12.0
urn:mavedb:00000011-a-1#442,c.[22A>T;23T>G;24G>A],NA,p.Met8Ter,164.0,81.0,17.0,5.0,3.0,2.0,6.0,8.0
urn:mavedb:00000011-a-1#443,c.[22A>T;23T>G;24G>C],NA,p.Met8Cys,520.0,723.0,616.0,247.0,56.0,27.0,77.0,39.0
urn:mavedb:00000011-a-1#444,c.[22A>T;23T>G;24=],NA,p.Met8Trp,1077.0,1376.0,2125.0,2693.0,1912.0,1404.0,6487.0,6581.0
urn:mavedb:00000011-a-1#445,c.[1C>A;2A>C;3=],NA,p.Gln1Thr,276.0,190.0,342.0,559.0,584.0,422.0,2125.0,2274.0
urn:mavedb:00000011-a-1#446,c.[1C>T;2=;3A>G],NA,p.Gln1Ter,392.0,85.0,30.0,15.0,11.0,6.0,35.0,19.0
urn:mavedb:00000011-a-1#447,c.[22A>T;23T>G;24G>T],NA,p.Met8Cys,449.0,562.0,531.0,183.0,56.0,25.0,57.0,48.0
urn:mavedb:00000011-a-1#448,c.[22A>T;23=;24G>A],NA,p.Met8Leu,247.0,295.0,520.0,695.0,494.0,375.0,1793.0,1831.0
urn:mavedb:00000011-a-1#449,c.[22A>T;23=;24G>C],NA,p.Met8Phe,701.0,816.0,1241.0,2004.0,1753.0,1338.0,7319.0,8114.0
urn:mavedb:00000011-a-1#450,c.[22A>T;23=;24=],NA,p.Met8Leu,393.0,460.0,740.0,829.0,624.0,457.0,2025.0,2164.0
urn:mavedb:00000011-a-1#451,c.[22A>T;23=;24G>T],NA,p.Met8Phe,360.0,409.0,655.0,1019.0,951.0,702.0,3835.0,4191.0
urn:mavedb:00000011-a-1#452,c.[25G>A;26=;27=],NA,p.Glu9Lys,327.0,307.0,130.0,49.0,27.0,17.0,30.0,32.0
urn:mavedb:00000011-a-1#453,c.[25G>A;26=;27A>C],NA,p.Glu9Asn,220.0,238.0,195.0,85.0,21.0,17.0,20.0,26.0
urn:mavedb:00000011-a-1#454,c.[25G>A;26=;27A>G],NA,p.Glu9Lys,102.0,103.0,32.0,13.0,6.0,3.0,10.0,14.0
urn:mavedb:00000011-a-1#455,c.[25G>A;26=;27A>T],NA,p.Glu9Asn,284.0,214.0,220.0,106.0,31.0,14.0,29.0,20.0
urn:mavedb:00000011-a-1#456,c.[25G>A;26A>C;27=],NA,p.Glu9Thr,184.0,177.0,283.0,458.0,487.0,369.0,1498.0,1642.0
urn:mavedb:00000011-a-1#457,c.[1C>T;2=;3A>T],NA,p.Gln1Tyr,202.0,136.0,181.0,309.0,276.0,186.0,1112.0,1086.0
urn:mavedb:00000011-a-1#458,c.[25G>A;26A>C;27A>C],NA,p.Glu9Thr,209.0,241.0,359.0,613.0,536.0,443.0,1792.0,1905.0
urn:mavedb:00000011-a-1#459,c.[25G>A;26A>C;27A>G],NA,p.Glu9Thr,226.0,280.0,454.0,703.0,645.0,471.0,2053.0,2221.0
urn:mavedb:00000011-a-1#460,c.[25G>A;26A>C;27A>T],NA,p.Glu9Thr,246.0,301.0,419.0,735.0,690.0,514.0,2083.0,2162.0
urn:mavedb:00000011-a-1#461,c.[25G>A;26A>G;27=],NA,p.Glu9Arg,147.0,134.0,146.0,67.0,36.0,12.0,22.0,27.0
urn:mavedb:00000011-a-1#462,c.[25G>A;26A>G;27A>C],NA,p.Glu9Ser,76.0,86.0,116.0,191.0,92.0,72.0,270.0,302.0
urn:mavedb:00000011-a-1#463,c.[25G>A;26A>G;27A>G],NA,p.Glu9Arg,287.0,272.0,292.0,146.0,51.0,31.0,67.0,53.0
urn:mavedb:00000011-a-1#464,c.[25G>A;26A>G;27A>T],NA,p.Glu9Ser,283.0,286.0,342.0,423.0,263.0,187.0,719.0,792.0
urn:mavedb:00000011-a-1#465,c.[25G>A;26A>T;27=],NA,p.Glu9Ile,511.0,523.0,827.0,1432.0,1357.0,1095.0,5157.0,5578.0
urn:mavedb:00000011-a-1#466,c.[25G>A;26A>T;27A>C],NA,p.Glu9Ile,294.0,276.0,464.0,802.0,837.0,635.0,2812.0,3085.0
urn:mavedb:00000011-a-1#467,c.[25G>A;26A>T;27A>G],NA,p.Glu9Met,325.0,338.0,519.0,849.0,924.0,697.0,3226.0,3544.0
urn:mavedb:00000011-a-1#468,c.[1C>T;2A>C;3=],NA,p.Gln1Ser,365.0,225.0,360.0,499.0,425.0,292.0,1489.0,1600.0
urn:mavedb:00000011-a-1#469,c.[25G>A;26A>T;27A>T],NA,p.Glu9Ile,480.0,497.0,800.0,1288.0,1215.0,1016.0,4546.0,4855.0
urn:mavedb:00000011-a-1#470,c.[25G>C;26=;27=],NA,p.Glu9Gln,186.0,195.0,389.0,612.0,754.0,559.0,2700.0,2907.0
urn:mavedb:00000011-a-1#471,c.[25G>C;26=;27A>C],NA,p.Glu9His,321.0,293.0,541.0,671.0,529.0,366.0,1375.0,1429.0
urn:mavedb:00000011-a-1#472,c.[25G>C;26=;27A>G],NA,p.Glu9Gln,99.0,121.0,211.0,416.0,443.0,357.0,1626.0,1683.0
urn:mavedb:00000011-a-1#473,c.[25G>C;26=;27A>T],NA,p.Glu9His,257.0,294.0,447.0,589.0,456.0,400.0,1237.0,1467.0
urn:mavedb:00000011-a-1#474,c.[25G>C;26A>C;27=],NA,p.Glu9Pro,186.0,50.0,16.0,8.0,3.0,3.0,4.0,7.0
urn:mavedb:00000011-a-1#475,c.[25G>C;26A>C;27A>C],NA,p.Glu9Pro,884.0,255.0,75.0,38.0,25.0,12.0,25.0,29.0
urn:mavedb:00000011-a-1#476,c.[25G>C;26A>C;27A>G],NA,p.Glu9Pro,158.0,42.0,15.0,10.0,2.0,1.0,4.0,8.0
urn:mavedb:00000011-a-1#477,c.[25G>C;26A>C;27A>T],NA,p.Glu9Pro,218.0,69.0,22.0,11.0,9.0,8.0,9.0,17.0
urn:mavedb:00000011-a-1#478,c.[25G>C;26A>G;27=],NA,p.Glu9Arg,217.0,202.0,258.0,119.0,37.0,13.0,37.0,26.0
urn:mavedb:00000011-a-1#479,c.[1C>T;2A>C;3A>C],NA,p.Gln1Ser,67.0,49.0,55.0,109.0,80.0,58.0,294.0,345.0
urn:mavedb:00000011-a-1#480,c.[25G>C;26A>G;27A>C],NA,p.Glu9Arg,117.0,107.0,128.0,61.0,25.0,15.0,24.0,15.0
urn:mavedb:00000011-a-1#481,c.[25G>C;26A>G;27A>G],NA,p.Glu9Arg,204.0,209.0,217.0,92.0,35.0,21.0,45.0,38.0
urn:mavedb:00000011-a-1#482,c.[25G>C;26A>G;27A>T],NA,p.Glu9Arg,249.0,278.0,315.0,155.0,27.0,27.0,60.0,39.0
urn:mavedb:00000011-a-1#483,c.[25G>C;26A>T;27=],NA,p.Glu9Leu,261.0,246.0,402.0,648.0,548.0,430.0,2018.0,2397.0
urn:mavedb:00000011-a-1#484,c.[25G>C;26A>T;27A>C],NA,p.Glu9Leu,340.0,355.0,578.0,863.0,779.0,590.0,2504.0,2579.0
urn:mavedb:00000011-a-1#485,c.[25G>C;26A>T;27A>G],NA,p.Glu9Leu,279.0,261.0,522.0,816.0,785.0,637.0,2763.0,2976.0
urn:mavedb:00000011-a-1#486,c.[25G>C;26A>T;27A>T],NA,p.Glu9Leu,362.0,348.0,596.0,930.0,936.0,656.0,3040.0,3476.0
urn:mavedb:00000011-a-1#487,c.[25=;26=;27=],NA,p.Glu9=,7082.0,7519.0,11639.0,19072.0,19303.0,15353.0,72229.0,81490.0
urn:mavedb:00000011-a-1#488,c.[25=;26=;27A>C],NA,p.Glu9Asp,184.0,227.0,240.0,120.0,48.0,27.0,58.0,62.0
urn:mavedb:00000011-a-1#489,c.[25=;26=;27A>G],NA,p.Glu9=,427.0,479.0,827.0,1368.0,1402.0,1168.0,5242.0,6103.0
urn:mavedb:00000011-a-1#490,c.[1C>T;2A>C;3A>G],NA,p.Gln1Ser,271.0,150.0,266.0,435.0,305.0,209.0,1209.0,1156.0
urn:mavedb:00000011-a-1#491,c.[25=;26=;27A>T],NA,p.Glu9Asp,368.0,379.0,497.0,470.0,401.0,332.0,1432.0,1682.0
urn:mavedb:00000011-a-1#492,c.[25=;26A>C;27=],NA,p.Glu9Ala,231.0,268.0,492.0,705.0,498.0,378.0,1561.0,1562.0
urn:mavedb:00000011-a-1#493,c.[25=;26A>C;27A>C],NA,p.Glu9Ala,345.0,357.0,712.0,904.0,754.0,537.0,2253.0,2541.0
urn:mavedb:00000011-a-1#494,c.[25=;26A>C;27A>G],NA,p.Glu9Ala,231.0,282.0,454.0,640.0,463.0,351.0,1457.0,1457.0
urn:mavedb:00000011-a-1#495,c.[25=;26A>C;27A>T],NA,p.Glu9Ala,189.0,198.0,354.0,489.0,373.0,310.0,1118.0,1220.0
urn:mavedb:00000011-a-1#496,c.[25=;26A>G;27=],NA,p.Glu9Gly,241.0,260.0,115.0,37.0,16.0,10.0,57.0,35.0
urn:mavedb:00000011-a-1#497,c.[25=;26A>G;27A>C],NA,p.Glu9Gly,165.0,160.0,85.0,23.0,2.0,NA,9.0,8.0
urn:mavedb:00000011-a-1#498,c.[25=;26A>G;27A>G],NA,p.Glu9Gly,3515.0,3460.0,1560.0,530.0,165.0,85.0,224.0,195.0
urn:mavedb:00000011-a-1#499,c.[25=;26A>G;27A>T],NA,p.Glu9Gly,856.0,895.0,359.0,137.0,47.0,29.0,61.0,37.0
urn:mavedb:00000011-a-1#500,c.[25=;26A>T;27=],NA,p.Glu9Val,464.0,482.0,644.0,1024.0,802.0,628.0,2629.0,2769.0
urn:mavedb:00000011-a-1#501,c.[1C>T;2A>C;3A>T],NA,p.Gln1Ser,116.0,42.0,53.0,91.0,87.0,63.0,313.0,356.0
urn:mavedb:00000011-a-1#502,c.[25=;26A>T;27A>C],NA,p.Glu9Val,278.0,324.0,380.0,550.0,501.0,360.0,1365.0,1556.0
urn:mavedb:00000011-a-1#503,c.[25=;26A>T;27A>G],NA,p.Glu9Val,577.0,588.0,846.0,1313.0,1093.0,828.0,3429.0,3518.0
urn:mavedb:00000011-a-1#504,c.[25=;26A>T;27A>T],NA,p.Glu9Val,1302.0,1320.0,1248.0,1586.0,1282.0,1022.0,3864.0,4233.0
urn:mavedb:00000011-a-1#505,c.[25G>T;26=;27=],NA,p.Glu9Ter,387.0,127.0,69.0,28.0,12.0,5.0,31.0,29.0
urn:mavedb:00000011-a-1#506,c.[25G>T;26=;27A>C],NA,p.Glu9Tyr,301.0,334.0,541.0,690.0,524.0,356.0,1385.0,1458.0
urn:mavedb:00000011-a-1#507,c.[25G>T;26=;27A>G],NA,p.Glu9Ter,140.0,56.0,11.0,8.0,5.0,3.0,6.0,12.0
urn:mavedb:00000011-a-1#508,c.[25G>T;26=;27A>T],NA,p.Glu9Tyr,360.0,347.0,527.0,730.0,523.0,361.0,1437.0,1424.0
urn:mavedb:00000011-a-1#509,c.[25G>T;26A>C;27=],NA,p.Glu9Ser,390.0,397.0,625.0,820.0,519.0,421.0,1540.0,1671.0
urn:mavedb:00000011-a-1#510,c.[25G>T;26A>C;27A>C],NA,p.Glu9Ser,212.0,231.0,356.0,434.0,257.0,194.0,766.0,797.0
urn:mavedb:00000011-a-1#511,c.[25G>T;26A>C;27A>G],NA,p.Glu9Ser,242.0,296.0,432.0,563.0,375.0,266.0,991.0,972.0
urn:mavedb:00000011-a-1#512,c.[1C>T;2A>G;3=],NA,p.Gln1Ter,287.0,66.0,14.0,10.0,8.0,9.0,22.0,24.0
urn:mavedb:00000011-a-1#513,c.[25G>T;26A>C;27A>T],NA,p.Glu9Ser,380.0,360.0,534.0,706.0,525.0,349.0,1340.0,1524.0
urn:mavedb:00000011-a-1#514,c.[25G>T;26A>G;27=],NA,p.Glu9Ter,141.0,64.0,16.0,5.0,1.0,6.0,5.0,16.0
urn:mavedb:00000011-a-1#515,c.[25G>T;26A>G;27A>C],NA,p.Glu9Cys,356.0,393.0,698.0,1205.0,1079.0,871.0,3571.0,3809.0
urn:mavedb:00000011-a-1#516,c.[25G>T;26A>G;27A>G],NA,p.Glu9Trp,481.0,537.0,901.0,1291.0,1160.0,938.0,3719.0,3845.0
urn:mavedb:00000011-a-1#517,c.[25G>T;26A>G;27A>T],NA,p.Glu9Cys,368.0,335.0,565.0,990.0,970.0,744.0,3160.0,3660.0
urn:mavedb:00000011-a-1#518,c.[25G>T;26A>T;27=],NA,p.Glu9Leu,463.0,424.0,714.0,1323.0,1190.0,948.0,4060.0,4489.0
urn:mavedb:00000011-a-1#519,c.[25G>T;26A>T;27A>C],NA,p.Glu9Phe,330.0,332.0,497.0,712.0,552.0,381.0,1424.0,1674.0
urn:mavedb:00000011-a-1#520,c.[25G>T;26A>T;27A>G],NA,p.Glu9Leu,335.0,337.0,577.0,976.0,889.0,751.0,3172.0,3407.0
urn:mavedb:00000011-a-1#521,c.[25G>T;26A>T;27A>T],NA,p.Glu9Phe,513.0,498.0,741.0,922.0,616.0,456.0,1709.0,1755.0
urn:mavedb:00000011-a-1#522,c.[1C>T;2A>G;3A>C],NA,p.Gln1Cys,279.0,152.0,316.0,430.0,384.0,296.0,1349.0,1365.0
urn:mavedb:00000011-a-1#523,c.[1C>T;2A>G;3A>G],NA,p.Gln1Trp,262.0,158.0,247.0,249.0,130.0,100.0,441.0,440.0
urn:mavedb:00000011-a-1#524,c.[1C>T;2A>G;3A>T],NA,p.Gln1Cys,342.0,205.0,325.0,466.0,385.0,333.0,1627.0,1649.0
urn:mavedb:00000011-a-1#525,c.[1C>A;2A>C;3A>G],NA,p.Gln1Thr,742.0,485.0,656.0,726.0,672.0,484.0,2555.0,2717.0
urn:mavedb:00000011-a-1#526,c.[1C>T;2A>T;3=],NA,p.Gln1Leu,234.0,157.0,227.0,405.0,470.0,367.0,2045.0,2312.0
urn:mavedb:00000011-a-1#527,c.[1C>T;2A>T;3A>C],NA,p.Gln1Phe,150.0,94.0,101.0,175.0,160.0,140.0,798.0,767.0
urn:mavedb:00000011-a-1#528,c.[1C>T;2A>T;3A>G],NA,p.Gln1Leu,206.0,130.0,198.0,345.0,340.0,297.0,1619.0,1627.0
urn:mavedb:00000011-a-1#529,c.[1C>T;2A>T;3A>T],NA,p.Gln1Phe,178.0,118.0,144.0,195.0,195.0,127.0,1110.0,1182.0
urn:mavedb:00000011-a-1#530,c.[4T>A;5T>A;6T>A],NA,p.Phe2Lys,513.0,365.0,132.0,31.0,7.0,3.0,11.0,9.0
urn:mavedb:00000011-a-1#531,c.[4T>A;5T>A;6T>C],NA,p.Phe2Asn,453.0,411.0,485.0,430.0,240.0,203.0,725.0,710.0
urn:mavedb:00000011-a-1#532,c.[4T>A;5T>A;6T>G],NA,p.Phe2Lys,324.0,267.0,101.0,27.0,8.0,13.0,12.0,10.0
urn:mavedb:00000011-a-1#533,c.[4T>A;5T>A;6=],NA,p.Phe2Asn,446.0,428.0,505.0,456.0,274.0,238.0,839.0,778.0
urn:mavedb:00000011-a-1#534,c.[4T>A;5T>C;6T>A],NA,p.Phe2Thr,639.0,578.0,473.0,169.0,61.0,28.0,57.0,50.0
urn:mavedb:00000011-a-1#535,c.[4T>A;5T>C;6T>G],NA,p.Phe2Thr,339.0,322.0,289.0,97.0,28.0,18.0,45.0,34.0
urn:mavedb:00000011-a-1#536,c.[1C>A;2A>C;3A>T],NA,p.Gln1Thr,301.0,201.0,298.0,467.0,540.0,342.0,2321.0,2287.0
urn:mavedb:00000011-a-1#537,c.[4T>A;5T>C;6=],NA,p.Phe2Thr,468.0,384.0,305.0,138.0,46.0,26.0,51.0,37.0
urn:mavedb:00000011-a-1#538,c.[4T>A;5T>G;6T>A],NA,p.Phe2Arg,683.0,566.0,279.0,72.0,23.0,15.0,25.0,18.0
urn:mavedb:00000011-a-1#539,c.[4T>A;5T>G;6T>C],NA,p.Phe2Ser,423.0,358.0,289.0,111.0,44.0,15.0,52.0,41.0
urn:mavedb:00000011-a-1#540,c.[4T>A;5T>G;6T>G],NA,p.Phe2Arg,293.0,219.0,116.0,26.0,7.0,2.0,8.0,6.0
urn:mavedb:00000011-a-1#541,c.[4T>A;5T>G;6=],NA,p.Phe2Ser,561.0,432.0,332.0,116.0,49.0,28.0,62.0,63.0
urn:mavedb:00000011-a-1#542,c.[4T>A;5=;6T>A],NA,p.Phe2Ile,528.0,418.0,184.0,60.0,15.0,9.0,21.0,11.0
urn:mavedb:00000011-a-1#543,c.[4T>A;5=;6T>C],NA,p.Phe2Ile,466.0,395.0,231.0,68.0,16.0,13.0,23.0,13.0
urn:mavedb:00000011-a-1#544,c.[4T>A;5=;6T>G],NA,p.Phe2Met,563.0,499.0,501.0,248.0,64.0,45.0,101.0,96.0
urn:mavedb:00000011-a-1#545,c.[4T>A;5=;6=],NA,p.Phe2Ile,710.0,540.0,280.0,84.0,28.0,17.0,21.0,19.0
urn:mavedb:00000011-a-1#546,c.[4T>C;5T>A;6T>A],NA,p.Phe2Gln,518.0,444.0,236.0,93.0,36.0,14.0,42.0,21.0
urn:mavedb:00000011-a-1#547,c.[1C>A;2A>G;3=],NA,p.Gln1Arg,466.0,268.0,467.0,884.0,883.0,664.0,3762.0,4086.0
urn:mavedb:00000011-a-1#548,c.[4T>C;5T>A;6T>C],NA,p.Phe2His,1365.0,1338.0,2047.0,2790.0,2121.0,1578.0,6394.0,6813.0
urn:mavedb:00000011-a-1#549,c.[4T>C;5T>A;6T>G],NA,p.Phe2Gln,408.0,398.0,257.0,89.0,19.0,15.0,26.0,22.0
urn:mavedb:00000011-a-1#550,c.[4T>C;5T>A;6=],NA,p.Phe2His,1065.0,997.0,1650.0,2034.0,1727.0,1263.0,5147.0,5342.0
urn:mavedb:00000011-a-1#551,c.[4T>C;5T>C;6T>A],NA,p.Phe2Pro,1237.0,917.0,256.0,62.0,14.0,16.0,12.0,10.0
urn:mavedb:00000011-a-1#552,c.[4T>C;5T>C;6=],NA,p.Phe2Pro,706.0,436.0,100.0,21.0,8.0,5.0,6.0,13.0
urn:mavedb:00000011-a-1#553,c.[4T>C;5T>G;6T>A],NA,p.Phe2Arg,556.0,453.0,171.0,55.0,9.0,6.0,17.0,8.0
urn:mavedb:00000011-a-1#554,c.[4T>C;5T>G;6T>C],NA,p.Phe2Arg,993.0,823.0,399.0,134.0,40.0,26.0,66.0,39.0
urn:mavedb:00000011-a-1#555,c.[4T>C;5T>G;6T>G],NA,p.Phe2Arg,584.0,410.0,187.0,42.0,12.0,10.0,13.0,8.0
urn:mavedb:00000011-a-1#556,c.[4T>C;5T>G;6=],NA,p.Phe2Arg,353.0,365.0,177.0,53.0,18.0,7.0,26.0,16.0
urn:mavedb:00000011-a-1#557,c.[4T>C;5=;6T>A],NA,p.Phe2Leu,652.0,616.0,903.0,811.0,496.0,366.0,1312.0,1221.0
urn:mavedb:00000011-a-1#558,c.[1C>A;2A>G;3A>C],NA,p.Gln1Ser,152.0,140.0,180.0,269.0,238.0,170.0,768.0,835.0
urn:mavedb:00000011-a-1#559,c.[4T>C;5=;6T>C],NA,p.Phe2Leu,909.0,862.0,1161.0,1104.0,586.0,444.0,1511.0,1488.0
urn:mavedb:00000011-a-1#560,c.[4T>C;5=;6T>G],NA,p.Phe2Leu,537.0,536.0,756.0,710.0,374.0,281.0,981.0,964.0
urn:mavedb:00000011-a-1#561,c.[4T>C;5=;6=],NA,p.Phe2Leu,707.0,608.0,850.0,769.0,423.0,325.0,1104.0,1062.0
urn:mavedb:00000011-a-1#562,c.[4T>G;5T>A;6T>A],NA,p.Phe2Glu,186.0,197.0,106.0,24.0,20.0,3.0,19.0,7.0
urn:mavedb:00000011-a-1#563,c.[4T>G;5T>A;6T>C],NA,p.Phe2Asp,414.0,367.0,303.0,127.0,38.0,25.0,56.0,31.0
urn:mavedb:00000011-a-1#564,c.[4T>G;5T>A;6T>G],NA,p.Phe2Glu,510.0,424.0,245.0,66.0,22.0,12.0,10.0,11.0
urn:mavedb:00000011-a-1#565,c.[4T>G;5T>A;6=],NA,p.Phe2Asp,493.0,375.0,321.0,105.0,49.0,28.0,70.0,59.0
urn:mavedb:00000011-a-1#566,c.[4T>G;5T>C;6T>A],NA,p.Phe2Ala,559.0,516.0,532.0,225.0,82.0,62.0,125.0,101.0
urn:mavedb:00000011-a-1#567,c.[4T>G;5T>C;6T>G],NA,p.Phe2Ala,431.0,434.0,383.0,180.0,50.0,45.0,86.0,61.0
urn:mavedb:00000011-a-1#568,c.[4T>G;5T>C;6=],NA,p.Phe2Ala,630.0,519.0,579.0,246.0,96.0,58.0,124.0,69.0
